id,complaintperc,solver,cardinality,logsize,dbsize,badcomplaints,remaincomplaints,fixedrate,noiserate,badqueryindex,fixedqueryindex,origclausesize,fixedclausesize,preptime,solvetime,finishtime,totaltime
0,1,cplex,1,5,100,11,0,1,0,2,2,1,1,21898000,2754000,84000,24736000
1,1,cplex,1,5,100,1,0,1,0,1,1,1,1,5270000,916000,35000,6221000
2,1,cplex,1,5,100,20,0,1,0,2,2,1,1,4362000,761000,27000,5150000
3,1,cplex,1,5,100,25,0,1,0,1,1,1,1,3810000,835000,32000,4677000
4,1,cplex,1,5,100,3,0,1,0,1,1,1,1,3213000,911000,29000,4153000
5,1,cplex,1,5,100,73,0,1,0,2,2,1,1,3943000,842000,48000,4833000
6,1,cplex,1,5,100,83,0,1,0,1,1,1,1,2689000,1151000,22000,3862000
7,1,cplex,1,5,100,4,0,1,0,2,2,1,1,1587000,991000,22000,2600000
8,1,cplex,1,5,100,3,0,1,0,2,2,1,1,1287000,859000,39000,2185000
9,1,cplex,1,5,100,14,0,1,0,1,1,1,1,1462000,844000,19000,2325000
10,1,cplex,1,5,100,10,0,1,0,1,1,1,1,1571000,897000,36000,2504000
11,1,cplex,1,5,100,78,0,1,0,1,1,1,1,1214000,854000,22000,2090000
12,1,cplex,1,5,100,30,0,1,0,1,1,1,1,1435000,889000,29000,2353000
13,1,cplex,1,5,100,56,0,1,0,1,1,1,1,1361000,951000,30000,2342000
14,1,cplex,1,5,100,4,0,1,0,2,2,1,1,1268000,737000,18000,2023000
15,1,cplex,1,5,100,5,0,1,0,1,1,1,1,1181000,829000,24000,2034000
16,1,cplex,1,5,100,42,0,1,0,1,1,1,1,1369000,1053000,32000,2454000
17,1,cplex,1,5,100,4,0,1,0,1,1,1,1,1331000,3490000,37000,4858000
18,1,cplex,1,5,100,33,0,1,0,2,2,1,1,1603000,777000,29000,2409000
19,1,cplex,1,5,100,14,0,1,0,2,2,1,1,1238000,748000,29000,2015000
20,1,cplex,1,5,500,226,0,1,0,2,2,1,1,5481000,1796000,26000,7303000
21,1,cplex,1,5,500,352,0,1,0,2,2,1,1,5787000,1725000,25000,7537000
22,1,cplex,1,5,500,94,0,1,0,1,1,1,1,6088000,1617000,23000,7728000
23,1,cplex,1,5,500,2,0,1,0,2,2,1,1,4609000,1493000,30000,6132000
24,1,cplex,1,5,500,4,0,1,0,1,1,1,1,5156000,1625000,30000,6811000
25,1,cplex,1,5,500,6,0,1,0,2,2,1,1,6233000,1801000,22000,8056000
26,1,cplex,1,5,500,4,0,1,0,2,2,1,1,4807000,1726000,19000,6552000
27,1,cplex,1,5,500,266,0,1,0,2,2,1,1,4639000,1649000,28000,6316000
28,1,cplex,1,5,500,133,0,1,0,2,2,1,1,5240000,1771000,29000,7040000
29,1,cplex,1,5,500,235,0,1,0,2,2,1,1,4318000,1575000,20000,5913000
30,1,cplex,1,5,500,347,0,1,0,1,1,1,1,4326000,1762000,23000,6111000
31,1,cplex,1,5,500,242,0,1,0,1,1,1,1,4478000,1595000,25000,6098000
32,1,cplex,1,5,500,386,0,1,0,2,2,1,1,4335000,1681000,23000,6039000
33,1,cplex,1,5,500,105,0,1,0,1,1,1,1,5509000,1829000,20000,7358000
34,1,cplex,1,5,500,5,0,1,0,1,1,1,1,4356000,1659000,29000,6044000
35,1,cplex,1,5,500,342,0,1,0,2,2,1,1,4117000,1725000,19000,5861000
36,1,cplex,1,5,500,396,0,1,0,2,2,1,1,4199000,1631000,19000,5849000
37,1,cplex,1,5,500,201,0,1,0,2,2,1,1,4062000,1597000,29000,5688000
38,1,cplex,1,5,500,1,0,1,0,2,2,1,1,30607000,1585000,27000,32219000
39,1,cplex,1,5,500,7,0,1,0,2,2,1,1,4135000,1565000,29000,5729000
40,1,cplex,1,5,1000,3,0,1,0,2,2,1,1,7937000,2854000,26000,10817000
41,1,cplex,1,5,1000,310,0,1,0,2,2,1,1,7978000,2662000,23000,10663000
42,1,cplex,1,5,1000,227,0,1,0,2,2,1,1,8038000,2823000,32000,10893000
43,1,cplex,1,5,1000,43,0,1,0,1,1,1,1,8614000,3024000,42000,11680000
44,1,cplex,1,5,1000,3,0,1,0,1,1,1,1,9123000,2650000,22000,11795000
45,1,cplex,1,5,1000,648,0,1,0,1,1,1,1,8001000,3034000,21000,11056000
46,1,cplex,1,5,1000,790,0,1,0,2,2,1,1,7841000,2638000,44000,10523000
47,1,cplex,1,5,1000,165,0,1,0,2,2,1,1,10486000,3136000,46000,13668000
48,1,cplex,1,5,1000,162,0,1,0,1,1,1,1,8189000,3070000,25000,11284000
49,1,cplex,1,5,1000,513,0,1,0,1,1,1,1,7690000,2576000,44000,10310000
50,1,cplex,1,5,1000,225,0,1,0,1,1,1,1,8616000,2950000,21000,11587000
51,1,cplex,1,5,1000,101,0,1,0,1,1,1,1,7775000,2653000,22000,10450000
52,1,cplex,1,5,1000,555,0,1,0,1,1,1,1,7866000,3023000,24000,10913000
53,1,cplex,1,5,1000,177,0,1,0,1,1,1,1,7822000,2896000,20000,10738000
54,1,cplex,1,5,1000,65,0,1,0,2,2,1,1,7653000,2905000,22000,10580000
55,1,cplex,1,5,1000,555,0,1,0,2,2,1,1,7950000,2654000,31000,10635000
56,1,cplex,1,5,1000,13,0,1,0,1,1,1,1,7872000,2787000,21000,10680000
57,1,cplex,1,5,1000,1,0,1,0,2,2,1,1,7954000,2534000,32000,10520000
58,1,cplex,1,5,1000,349,0,1,0,2,2,1,1,131653000,2807000,34000,134494000
59,1,cplex,1,5,1000,303,0,1,0,1,1,1,1,8386000,2686000,33000,11105000
60,1,cplex,1,5,5000,1901,0,1,0,1,1,1,1,40985000,12872000,23000,53880000
61,1,cplex,1,5,5000,502,0,1,0,1,1,1,1,40647000,11625000,25000,52297000
62,1,cplex,1,5,5000,923,0,1,0,1,1,1,1,371726000,13178000,22000,384926000
63,1,cplex,1,5,5000,4189,0,1,0,2,2,1,1,39154000,16219000,44000,55417000
64,1,cplex,1,5,5000,861,0,1,0,2,2,1,1,147466000,12606000,67000,160139000
65,1,cplex,1,5,5000,925,0,1,0,1,1,1,1,38574000,12634000,42000,51250000
66,1,cplex,1,5,5000,3,0,1,0,2,2,1,1,39910000,12532000,21000,52463000
67,1,cplex,1,5,5000,652,0,1,0,1,1,1,1,38087000,12909000,20000,51016000
68,1,cplex,1,5,5000,1109,0,1,0,1,1,1,1,37899000,14915000,41000,52855000
69,1,cplex,1,5,5000,3,0,1,0,1,1,1,1,40783000,12638000,41000,53462000
70,1,cplex,1,5,5000,3723,0,1,0,1,1,1,1,37658000,12663000,21000,50342000
71,1,cplex,1,5,5000,5,0,1,0,1,1,1,1,42915000,13360000,42000,56317000
72,1,cplex,1,5,5000,3467,0,1,0,1,1,1,1,38143000,12916000,18000,51077000
73,1,cplex,1,5,5000,5000,0,1,0,2,2,1,1,134621000,11940000,19000,146580000
74,1,cplex,1,5,5000,4951,0,1,0,2,2,1,1,38644000,13736000,19000,52399000
75,1,cplex,1,5,5000,1424,0,1,0,2,2,1,1,38590000,12570000,19000,51179000
76,1,cplex,1,5,5000,562,0,1,0,2,2,1,1,39071000,10892000,19000,49982000
77,1,cplex,1,5,5000,145,0,1,0,2,2,1,1,37048000,12464000,21000,49533000
78,1,cplex,1,5,5000,37,0,1,0,1,1,1,1,37077000,11957000,18000,49052000
79,1,cplex,1,5,5000,2236,0,1,0,1,1,1,1,37547000,12296000,19000,49862000
80,1,cplex,1,5,10000,1608,0,1,0,2,2,1,1,733801000,27226000,20000,761047000
81,1,cplex,1,5,10000,48,0,1,0,1,1,1,1,76129000,27977000,18000,104124000
82,1,cplex,1,5,10000,4753,0,1,0,1,1,1,1,78088000,27499000,18000,105605000
83,1,cplex,1,5,10000,1360,0,1,0,2,2,1,1,75092000,26834000,18000,101944000
84,1,cplex,1,5,10000,538,0,1,0,2,2,1,1,77083000,24857000,20000,101960000
85,1,cplex,1,5,10000,5463,0,1,0,2,2,1,1,75498000,24842000,23000,100363000
86,1,cplex,1,5,10000,3336,0,1,0,2,2,1,1,75970000,27565000,19000,103554000
87,1,cplex,1,5,10000,2,0,1,0,2,2,1,1,79217000,27782000,18000,107017000
88,1,cplex,1,5,10000,3916,0,1,0,2,2,1,1,82211000,31914000,20000,114145000
89,1,cplex,1,5,10000,8607,0,1,0,2,2,1,1,74482000,28257000,18000,102757000
90,1,cplex,1,5,10000,3357,0,1,0,2,2,1,1,74847000,26085000,19000,100951000
91,1,cplex,1,5,10000,1623,0,1,0,2,2,1,1,74279000,25474000,18000,99771000
92,1,cplex,1,5,10000,1726,0,1,0,2,2,1,1,76868000,26715000,18000,103601000
93,1,cplex,1,5,10000,276,0,1,0,1,1,1,1,75168000,26318000,19000,101505000
94,1,cplex,1,5,10000,348,0,1,0,2,2,1,1,73281000,24675000,18000,97974000
95,1,cplex,1,5,10000,3203,0,1,0,2,2,1,1,806410000,24960000,19000,831389000
96,1,cplex,1,5,10000,575,0,1,0,2,2,1,1,76562000,26461000,21000,103044000
97,1,cplex,1,5,10000,1675,0,1,0,1,1,1,1,74614000,24270000,18000,98902000
98,1,cplex,1,5,10000,3,0,1,0,1,1,1,1,76965000,24446000,28000,101439000
99,1,cplex,1,5,10000,1082,0,1,0,1,1,1,1,75123000,24792000,20000,99935000
100,1,cplex,1,20,100,8,0,1,0,9,9,1,1,862000,720000,12000,1594000
101,1,cplex,1,20,100,8,0,1,0,8,8,1,1,876000,815000,22000,1713000
102,1,cplex,1,20,100,41,0,1,0,7,7,1,1,835000,835000,13000,1683000
103,1,cplex,1,20,100,35,0,1,0,9,9,1,1,912000,712000,13000,1637000
104,1,cplex,1,20,100,1,0,1,0,7,7,1,1,863000,771000,13000,1647000
105,1,cplex,1,20,100,21,0,1,0,8,8,1,1,831000,783000,13000,1627000
106,1,cplex,1,20,100,16,0,1,0,8,8,1,1,868000,749000,22000,1639000
107,1,cplex,1,20,100,18,0,1,0,12,12,1,1,840000,822000,12000,1674000
108,1,cplex,1,20,100,4,0,1,0,12,12,1,1,855000,737000,22000,1614000
109,1,cplex,1,20,100,9,0,1,0,6,6,1,1,830000,766000,16000,1612000
110,1,cplex,1,20,100,4,0,1,0,8,8,1,1,877000,798000,22000,1697000
111,1,cplex,1,20,100,7,0,1,0,6,6,1,1,830000,820000,13000,1663000
112,1,cplex,1,20,100,3,0,1,0,7,7,1,1,873000,774000,33000,1680000
113,1,cplex,1,20,100,36,0,1,0,7,7,1,1,908000,802000,13000,1723000
114,1,cplex,1,20,100,65,0,1,0,11,11,1,1,861000,850000,13000,1724000
115,1,cplex,1,20,100,4,0,1,0,11,11,1,1,888000,817000,22000,1727000
116,1,cplex,1,20,100,72,0,1,0,9,9,1,1,884000,853000,13000,1750000
117,1,cplex,1,20,100,6,0,1,0,6,6,1,1,944000,916000,26000,1886000
118,1,cplex,1,20,100,46,0,1,0,10,10,1,1,841000,941000,13000,1795000
119,1,cplex,1,20,100,38,0,1,0,12,12,1,1,840000,816000,13000,1669000
120,1,cplex,1,20,500,231,0,1,0,6,6,1,1,3857000,1733000,29000,5619000
121,1,cplex,1,20,500,324,0,1,0,9,9,1,1,3816000,1513000,14000,5343000
122,1,cplex,1,20,500,16,0,1,0,10,10,1,1,3736000,1635000,23000,5394000
123,1,cplex,1,20,500,5,0,1,0,7,7,1,1,4091000,1642000,14000,5747000
124,1,cplex,1,20,500,41,0,1,0,10,10,1,1,3937000,1690000,14000,5641000
125,1,cplex,1,20,500,499,0,1,0,10,10,1,1,3693000,1618000,23000,5334000
126,1,cplex,1,20,500,61,0,1,0,10,10,1,1,3858000,1892000,18000,5768000
127,1,cplex,1,20,500,64,0,1,0,12,12,1,1,3921000,1667000,40000,5628000
128,1,cplex,1,20,500,42,0,1,0,12,12,1,1,3921000,1770000,13000,5704000
129,1,cplex,1,20,500,241,0,1,0,13,13,1,1,4006000,1906000,19000,5931000
130,1,cplex,1,20,500,500,0,1,0,13,13,1,1,3892000,1693000,15000,5600000
131,1,cplex,1,20,500,82,0,1,0,7,7,1,1,3879000,1629000,15000,5523000
132,1,cplex,1,20,500,161,0,1,0,10,10,1,1,3941000,1644000,24000,5609000
133,1,cplex,1,20,500,23,0,1,0,10,10,1,1,3832000,1935000,15000,5782000
134,1,cplex,1,20,500,5,0,1,0,9,9,1,1,3968000,1782000,15000,5765000
135,1,cplex,1,20,500,55,0,1,0,8,8,1,1,3799000,1681000,24000,5504000
136,1,cplex,1,20,500,7,0,1,0,8,8,1,1,4084000,1914000,15000,6013000
137,1,cplex,1,20,500,117,0,1,0,11,11,1,1,3828000,1661000,24000,5513000
138,1,cplex,1,20,500,77,0,1,0,13,13,1,1,4089000,1803000,15000,5907000
139,1,cplex,1,20,500,113,0,1,0,13,13,1,1,3805000,1858000,25000,5688000
140,1,cplex,1,20,1000,214,0,1,0,6,6,1,1,7423000,2960000,15000,10398000
141,1,cplex,1,20,1000,108,0,1,0,12,12,1,1,7436000,2566000,27000,10029000
142,1,cplex,1,20,1000,177,0,1,0,11,11,1,1,7357000,2902000,24000,10283000
143,1,cplex,1,20,1000,262,0,1,0,6,6,1,1,7301000,2907000,15000,10223000
144,1,cplex,1,20,1000,2,0,1,0,8,8,1,1,7355000,2732000,15000,10102000
145,1,cplex,1,20,1000,4,0,1,0,12,12,1,1,7748000,2928000,16000,10692000
146,1,cplex,1,20,1000,313,0,1,0,10,10,1,1,7414000,2801000,24000,10239000
147,1,cplex,1,20,1000,93,0,1,0,13,13,1,1,7389000,3027000,16000,10432000
148,1,cplex,1,20,1000,551,0,1,0,10,10,1,1,7849000,2952000,17000,10818000
149,1,cplex,1,20,1000,3,0,1,0,8,8,1,1,7578000,2896000,16000,10490000
150,1,cplex,1,20,1000,664,0,1,0,10,10,1,1,7619000,2623000,16000,10258000
151,1,cplex,1,20,1000,5,0,1,0,9,9,1,1,7888000,3064000,18000,10970000
152,1,cplex,1,20,1000,10,0,1,0,12,12,1,1,7468000,3100000,16000,10584000
153,1,cplex,1,20,1000,3,0,1,0,10,10,1,1,7482000,2601000,17000,10100000
154,1,cplex,1,20,1000,4,0,1,0,7,7,1,1,8137000,2663000,16000,10816000
155,1,cplex,1,20,1000,767,0,1,0,10,10,1,1,7583000,2699000,17000,10299000
156,1,cplex,1,20,1000,819,0,1,0,9,9,1,1,7562000,2754000,17000,10333000
157,1,cplex,1,20,1000,3,0,1,0,8,8,1,1,7416000,2671000,17000,10104000
158,1,cplex,1,20,1000,60,0,1,0,6,6,1,1,7374000,2700000,18000,10092000
159,1,cplex,1,20,1000,199,0,1,0,6,6,1,1,7560000,2837000,19000,10416000
160,1,cplex,1,20,5000,1009,0,1,0,13,13,1,1,577306000,12033000,20000,589359000
161,1,cplex,1,20,5000,2550,0,1,0,10,10,1,1,36562000,11747000,21000,48330000
162,1,cplex,1,20,5000,1,0,1,0,13,13,1,1,38085000,11809000,20000,49914000
163,1,cplex,1,20,5000,2014,0,1,0,11,11,1,1,37260000,11290000,22000,48572000
164,1,cplex,1,20,5000,96,0,1,0,12,12,1,1,36948000,11464000,20000,48432000
165,1,cplex,1,20,5000,1940,0,1,0,12,12,1,1,37621000,11729000,21000,49371000
166,1,cplex,1,20,5000,323,0,1,0,9,9,1,1,37004000,11484000,20000,48508000
167,1,cplex,1,20,5000,372,0,1,0,7,7,1,1,209057000,11577000,20000,220654000
168,1,cplex,1,20,5000,2343,0,1,0,6,6,1,1,37029000,11885000,20000,48934000
169,1,cplex,1,20,5000,318,0,1,0,12,12,1,1,37011000,11591000,19000,48621000
170,1,cplex,1,20,5000,801,0,1,0,11,11,1,1,36686000,11973000,21000,48680000
171,1,cplex,1,20,5000,914,0,1,0,12,12,1,1,41181000,13082000,23000,54286000
172,1,cplex,1,20,5000,4606,0,1,0,9,9,1,1,36655000,11848000,20000,48523000
173,1,cplex,1,20,5000,2923,0,1,0,9,9,1,1,229976000,11100000,32000,241108000
174,1,cplex,1,20,5000,1149,0,1,0,11,11,1,1,36792000,11883000,25000,48700000
175,1,cplex,1,20,5000,1677,0,1,0,13,13,1,1,36697000,11533000,21000,48251000
176,1,cplex,1,20,5000,4471,0,1,0,11,11,1,1,36932000,11947000,20000,48899000
177,1,cplex,1,20,5000,1000,0,1,0,7,7,1,1,36483000,11909000,31000,48423000
178,1,cplex,1,20,5000,703,0,1,0,6,6,1,1,37346000,11432000,20000,48798000
179,1,cplex,1,20,5000,1,0,1,0,8,8,1,1,37577000,11677000,19000,49273000
180,1,cplex,1,20,10000,3,0,1,0,10,10,1,1,1014525000,25373000,20000,1039918000
181,1,cplex,1,20,10000,2,0,1,0,9,9,1,1,422706000,25011000,21000,447738000
182,1,cplex,1,20,10000,3331,0,1,0,13,13,1,1,78754000,25509000,29000,104292000
183,1,cplex,1,20,10000,106,0,1,0,10,10,1,1,73500000,23745000,20000,97265000
184,1,cplex,1,20,10000,4382,0,1,0,7,7,1,1,295044000,24096000,20000,319160000
185,1,cplex,1,20,10000,489,0,1,0,12,12,1,1,74303000,25530000,20000,99853000
186,1,cplex,1,20,10000,3882,0,1,0,13,13,1,1,296959000,26685000,26000,323670000
187,1,cplex,1,20,10000,3,0,1,0,6,6,1,1,76396000,24201000,21000,100618000
188,1,cplex,1,20,10000,2223,0,1,0,6,6,1,1,74761000,24024000,20000,98805000
189,1,cplex,1,20,10000,223,0,1,0,11,11,1,1,75342000,24258000,25000,99625000
190,1,cplex,1,20,10000,3740,0,1,0,7,7,1,1,73565000,24280000,20000,97865000
191,1,cplex,1,20,10000,343,0,1,0,10,10,1,1,73329000,25203000,593000,99125000
192,1,cplex,1,20,10000,698,0,1,0,12,12,1,1,75361000,24619000,33000,100013000
193,1,cplex,1,20,10000,2292,0,1,0,9,9,1,1,74929000,25014000,21000,99964000
194,1,cplex,1,20,10000,1,0,1,0,7,7,1,1,76481000,25387000,20000,101888000
195,1,cplex,1,20,10000,111,0,1,0,9,9,1,1,74509000,25018000,21000,99548000
196,1,cplex,1,20,10000,4,0,1,0,9,9,1,1,73668000,24034000,21000,97723000
197,1,cplex,1,20,10000,2735,0,1,0,13,13,1,1,74894000,24182000,21000,99097000
198,1,cplex,1,20,10000,8947,0,1,0,7,7,1,1,74713000,24424000,20000,99157000
199,1,cplex,1,20,10000,8244,0,1,0,10,10,1,1,77026000,24521000,21000,101568000
200,1,cplex,5,5,100,1,0,1,0,1,1,5,5,2482000,2081000,22000,4585000
201,1,cplex,5,5,100,8,0,1,0,2,2,5,5,2564000,14705000,27000,17296000
202,1,cplex,5,5,100,2,0,1,0,2,2,5,5,2157000,38795000,27000,40979000
203,1,cplex,5,5,100,2,0,1,0,2,2,5,5,2086000,24478000,25000,26589000
204,1,cplex,5,5,100,1,0,1,0,1,1,5,5,2230000,2058000,22000,4310000
205,1,cplex,5,5,100,5,0,1,0,1,1,5,5,2109000,15133000,25000,17267000
206,1,cplex,5,5,100,4,0,1,0,1,1,5,5,2584000,10489000,27000,13100000
207,1,cplex,5,5,100,1,0,1,0,1,1,5,5,2751000,10629000,36000,13416000
208,1,cplex,5,5,100,1,0,1,0,2,2,5,5,2161000,11119000,53000,13333000
209,1,cplex,5,5,100,1,0,1,0,2,2,5,5,2304000,10587000,28000,12919000
210,1,cplex,5,5,100,1,0,1,0,2,2,5,5,2379000,25214000,26000,27619000
211,1,cplex,5,5,100,2,0,1,0,1,1,5,5,2170000,10042000,84000,12296000
212,1,cplex,5,5,100,2,0,1,0,1,1,5,5,2497000,6967000,45000,9509000
213,1,cplex,5,5,100,1,0,1,0,2,2,5,5,2530000,2202000,21000,4753000
214,1,cplex,5,5,100,1,0,1,0,1,1,5,5,2185000,2697000,21000,4903000
215,1,cplex,5,5,100,1,0,1,0,2,2,5,5,2335000,9835000,29000,12199000
216,1,cplex,5,5,100,2,0,1,0,1,1,5,5,2148000,38677000,27000,40852000
217,1,cplex,5,5,100,1,0,1,0,2,2,5,5,2379000,12601000,28000,15008000
218,1,cplex,5,5,100,1,0,1,0,2,2,5,5,2266000,2748000,32000,5046000
219,1,cplex,5,5,100,1,0,1,0,1,1,5,5,2150000,9293000,34000,11477000
220,1,cplex,5,5,500,10,0,1,0,1,1,5,5,9463000,20630000,59000,30152000
221,1,cplex,5,5,500,26,0,1,0,2,2,5,5,9770000,7751000,23000,17544000
222,1,cplex,5,5,500,8,0,1,0,2,2,5,5,9567000,33290000,25000,42882000
223,1,cplex,5,5,500,2,0,1,0,2,2,5,5,9691000,37763000,25000,47479000
224,1,cplex,5,5,500,45,0,1,0,1,1,5,5,9289000,7505000,27000,16821000
225,1,cplex,5,5,500,25,0,1,0,1,1,5,5,9532000,7946000,26000,17504000
226,1,cplex,5,5,500,1,0,1,0,1,1,5,5,9335000,34438000,24000,43797000
227,1,cplex,5,5,500,13,0,1,0,1,1,5,5,9188000,8295000,23000,17506000
228,1,cplex,5,5,500,4,0,1,0,1,1,5,5,9359000,7569000,23000,16951000
229,1,cplex,5,5,500,3,0,1,0,2,2,5,5,9287000,7985000,24000,17296000
230,1,cplex,5,5,500,1,0,1,0,2,2,5,5,11662000,37349000,34000,49045000
231,1,cplex,5,5,500,4,0,1,0,1,1,5,5,9661000,12817000,51000,22529000
232,1,cplex,5,5,500,27,0,1,0,1,1,5,5,9180000,7119000,21000,16320000
233,1,cplex,5,5,500,1,0,1,0,2,2,5,5,9412000,7858000,22000,17292000
234,1,cplex,5,5,500,1,0,1,0,2,2,5,5,9385000,41857000,25000,51267000
235,1,cplex,5,5,500,1,0,1,0,1,1,5,5,9118000,7677000,25000,16820000
236,1,cplex,5,5,500,4,0,1,0,1,1,5,5,9353000,27267000,49000,36669000
237,1,cplex,5,5,500,2,0,1,0,2,2,5,5,9294000,91128000,41000,100463000
238,1,cplex,5,5,500,1,0,1,0,2,2,5,5,9324000,32346000,21000,41691000
239,1,cplex,5,5,500,5,0,1,0,1,1,5,5,9285000,33356000,20000,42661000
240,1,cplex,5,5,1000,3,0,1,0,1,1,5,5,18251000,16519000,21000,34791000
241,1,cplex,5,5,1000,1,0,1,0,1,1,5,5,18669000,61972000,20000,80661000
242,1,cplex,5,5,1000,2,0,1,0,1,1,5,5,18637000,23291000,20000,41948000
243,1,cplex,5,5,1000,1,0,1,0,1,1,5,5,20532000,110104000,20000,130656000
244,1,cplex,5,5,1000,2,0,1,0,2,2,5,5,18829000,67434000,24000,86287000
245,1,cplex,5,5,1000,1,0,1,0,2,2,5,5,18375000,15873000,20000,34268000
246,1,cplex,5,5,1000,1,0,1,0,2,2,5,5,20431000,19251000,21000,39703000
247,1,cplex,5,5,1000,14,0,1,0,1,1,5,5,18540000,15650000,20000,34210000
248,1,cplex,5,5,1000,55,0,1,0,1,1,5,5,18508000,15503000,29000,34040000
249,1,cplex,5,5,1000,6,0,1,0,1,1,5,5,18222000,65493000,22000,83737000
250,1,cplex,5,5,1000,8,0,1,0,1,1,5,5,18888000,65030000,23000,83941000
251,1,cplex,5,5,1000,22,0,1,0,2,2,5,5,18148000,66738000,20000,84906000
252,1,cplex,5,5,1000,16,0,1,0,2,2,5,5,18300000,16577000,20000,34897000
253,1,cplex,5,5,1000,1,0,1,0,1,1,5,5,18490000,18415000,19000,36924000
254,1,cplex,5,5,1000,66,0,1,0,2,2,5,5,18811000,15880000,19000,34710000
255,1,cplex,5,5,1000,1,0,1,0,2,2,5,5,18658000,34838000,25000,53521000
256,1,cplex,5,5,1000,1,0,1,0,1,1,5,5,18554000,64979000,41000,83574000
257,1,cplex,5,5,1000,14,0,1,0,2,2,5,5,18133000,15628000,21000,33782000
258,1,cplex,5,5,1000,1,0,1,0,1,1,5,5,19889000,15561000,21000,35471000
259,1,cplex,5,5,1000,6,0,1,0,1,1,5,5,18275000,63835000,38000,82148000
260,1,cplex,5,5,5000,2,0,1,0,1,1,5,5,195724000,672635000,25000,868384000
261,1,cplex,5,5,5000,2,0,1,0,1,1,5,5,93448000,85484000,22000,178954000
262,1,cplex,5,5,5000,40,0,1,0,2,2,5,5,171092000,91502000,21000,262615000
263,1,cplex,5,5,5000,2,0,1,0,2,2,5,5,93457000,388118000,21000,481596000
264,1,cplex,5,5,5000,3,0,1,0,1,1,5,5,94353000,418138000,22000,512513000
265,1,cplex,5,5,5000,218,0,1,0,2,2,5,5,91810000,416058000,21000,507889000
266,1,cplex,5,5,5000,2,0,1,0,1,1,5,5,92355000,409889000,23000,502267000
267,1,cplex,5,5,5000,1,0,1,0,2,2,5,5,94951000,87568000,23000,182542000
268,1,cplex,5,5,5000,121,0,1,0,1,1,5,5,92406000,88646000,26000,181078000
269,1,cplex,5,5,5000,1,0,1,0,2,2,5,5,202137000,408330000,21000,610488000
270,1,cplex,5,5,5000,192,0,1,0,1,1,5,5,91711000,88281000,24000,180016000
271,1,cplex,5,5,5000,246,0,1,0,2,2,5,5,95555000,91209000,21000,186785000
272,1,cplex,5,5,5000,171,0,1,0,1,1,5,5,98034000,97023000,23000,195080000
273,1,cplex,5,5,5000,27,0,1,0,2,2,5,5,96190000,101131000,21000,197342000
274,1,cplex,5,5,5000,93,0,1,0,2,2,5,5,93258000,89706000,30000,182994000
275,1,cplex,5,5,5000,2,0,1,0,1,1,5,5,92954000,418401000,26000,511381000
276,1,cplex,5,5,5000,2,0,1,0,2,2,5,5,253561000,91253000,23000,344837000
277,1,cplex,5,5,5000,1,0,1,0,2,2,5,5,99568000,465661000,22000,565251000
278,1,cplex,5,5,5000,1,0,1,0,2,2,5,5,95112000,541811000,30000,636953000
279,1,cplex,5,5,5000,1,0,1,0,1,1,5,5,95079000,90717000,28000,185824000
280,1,cplex,5,5,10000,372,0,1,0,2,2,5,5,191045000,200982000,21000,392048000
281,1,cplex,5,5,10000,1,0,1,0,2,2,5,5,315793000,197816000,22000,513631000
282,1,cplex,5,5,10000,1,0,1,0,1,1,5,5,190631000,196713000,21000,387365000
283,1,cplex,5,5,10000,1,0,1,0,1,1,5,5,190411000,957989000,21000,1148421000
284,1,cplex,5,5,10000,5,0,1,0,2,2,5,5,777745000,201524000,22000,979291000
285,1,cplex,5,5,10000,1,0,1,0,2,2,5,5,193348000,199678000,21000,393047000
286,1,cplex,5,5,10000,488,0,1,0,2,2,5,5,340834000,209716000,21000,550571000
287,1,cplex,5,5,10000,1,0,1,0,2,2,5,5,199073000,197423000,21000,396517000
288,1,cplex,5,5,10000,121,0,1,0,1,1,5,5,426650000,203253000,21000,629924000
289,1,cplex,5,5,10000,2,0,1,0,2,2,5,5,187710000,368409000,23000,556142000
290,1,cplex,5,5,10000,1,0,1,0,2,2,5,5,189230000,188253000,24000,377507000
291,1,cplex,5,5,10000,3,0,1,0,2,2,5,5,187532000,183315000,22000,370869000
292,1,cplex,5,5,10000,6,0,1,0,1,1,5,5,220498000,1120021000,22000,1340541000
293,1,cplex,5,5,10000,55,0,1,0,1,1,5,5,330537000,208335000,23000,538895000
294,1,cplex,5,5,10000,1,0,1,0,1,1,5,5,194504000,920398000,21000,1114923000
295,1,cplex,5,5,10000,1,0,1,0,1,1,5,5,323282000,204750000,20000,528052000
296,1,cplex,5,5,10000,1,0,1,0,2,2,5,5,400882000,195147000,21000,596050000
297,1,cplex,5,5,10000,1,0,1,0,2,2,5,5,189118000,203464000,25000,392607000
298,1,cplex,5,5,10000,1,0,1,0,1,1,5,5,187910000,222668000,22000,410600000
299,1,cplex,5,5,10000,1,0,1,0,1,1,5,5,186779000,192791000,33000,379603000
300,1,cplex,5,20,100,2,0,1,0,8,8,5,5,2004000,84935000,26000,86965000
301,1,cplex,5,20,100,1,0,1,0,11,11,5,5,1995000,2811000,19000,4825000
302,1,cplex,5,20,100,8,0,1,0,10,10,5,5,2142000,9873000,20000,12035000
303,1,cplex,5,20,100,2,0,1,0,10,10,5,5,1996000,2042000,18000,4056000
304,1,cplex,5,20,100,1,0,1,0,8,8,5,5,2013000,9652000,22000,11687000
305,1,cplex,5,20,100,12,0,1,0,10,10,5,5,2019000,12164000,27000,14210000
306,1,cplex,5,20,100,1,0,1,0,13,13,5,5,2031000,8170000,23000,10224000
307,1,cplex,5,20,100,1,0,1,0,11,11,5,5,1945000,2695000,19000,4659000
308,1,cplex,5,20,100,4,0,1,0,6,6,5,5,1926000,10103000,22000,12051000
309,1,cplex,5,20,100,2,0,1,0,12,12,5,5,1940000,18495000,20000,20455000
310,1,cplex,5,20,100,2,0,1,0,11,11,5,5,1991000,2174000,18000,4183000
311,1,cplex,5,20,100,2,0,1,0,7,7,5,5,2008000,2718000,19000,4745000
312,1,cplex,5,20,100,1,0,1,0,11,11,5,5,1934000,6662000,23000,8619000
313,1,cplex,5,20,100,1,0,1,0,7,7,5,5,2053000,6659000,22000,8734000
314,1,cplex,5,20,100,1,0,1,0,9,9,5,5,1931000,9391000,24000,11346000
315,1,cplex,5,20,100,3,0,1,0,9,9,5,5,2000000,9737000,21000,11758000
316,1,cplex,5,20,100,2,0,1,0,10,10,5,5,1981000,3090000,19000,5090000
317,1,cplex,5,20,100,1,0,1,0,13,13,5,5,1943000,2509000,18000,4470000
318,1,cplex,5,20,100,2,0,1,0,9,9,5,5,1990000,9944000,31000,11965000
319,1,cplex,5,20,100,8,0,1,0,6,6,5,5,2008000,5560000,25000,7593000
320,1,cplex,5,20,500,1,0,1,0,6,6,5,5,9245000,9203000,23000,18471000
321,1,cplex,5,20,500,3,0,1,0,11,11,5,5,9295000,7488000,22000,16805000
322,1,cplex,5,20,500,1,0,1,0,8,8,5,5,9362000,33312000,20000,42694000
323,1,cplex,5,20,500,19,0,1,0,11,11,5,5,9084000,12931000,23000,22038000
324,1,cplex,5,20,500,3,0,1,0,13,13,5,5,10169000,8767000,21000,18957000
325,1,cplex,5,20,500,18,0,1,0,7,7,5,5,9182000,7876000,21000,17079000
326,1,cplex,5,20,500,4,0,1,0,7,7,5,5,9136000,12060000,23000,21219000
327,1,cplex,5,20,500,6,0,1,0,7,7,5,5,9104000,8159000,20000,17283000
328,1,cplex,5,20,500,73,0,1,0,12,12,5,5,9107000,7380000,21000,16508000
329,1,cplex,5,20,500,3,0,1,0,7,7,5,5,9221000,30886000,31000,40138000
330,1,cplex,5,20,500,2,0,1,0,11,11,5,5,9017000,7748000,21000,16786000
331,1,cplex,5,20,500,10,0,1,0,10,10,5,5,9012000,8442000,21000,17475000
332,1,cplex,5,20,500,1,0,1,0,8,8,5,5,9280000,184289000,28000,193597000
333,1,cplex,5,20,500,6,0,1,0,8,8,5,5,9210000,8338000,43000,17591000
334,1,cplex,5,20,500,1,0,1,0,11,11,5,5,9410000,11233000,24000,20667000
335,1,cplex,5,20,500,1,0,1,0,8,8,5,5,9183000,9028000,22000,18233000
336,1,cplex,5,20,500,1,0,1,0,6,6,5,5,9287000,13745000,530000,23562000
337,1,cplex,5,20,500,6,0,1,0,10,10,5,5,9316000,7689000,21000,17026000
338,1,cplex,5,20,500,1,0,1,0,12,12,5,5,9265000,10847000,21000,20133000
339,1,cplex,5,20,500,8,0,1,0,11,11,5,5,9183000,7780000,19000,16982000
340,1,cplex,5,20,1000,1,0,1,0,9,9,5,5,18386000,65792000,31000,84209000
341,1,cplex,5,20,1000,1,0,1,0,13,13,5,5,18494000,62942000,21000,81457000
342,1,cplex,5,20,1000,3,0,1,0,13,13,5,5,18499000,68082000,21000,86602000
343,1,cplex,5,20,1000,70,0,1,0,9,9,5,5,18112000,16145000,21000,34278000
344,1,cplex,5,20,1000,11,0,1,0,9,9,5,5,17910000,62260000,21000,80191000
345,1,cplex,5,20,1000,2,0,1,0,9,9,5,5,18898000,19768000,20000,38686000
346,1,cplex,5,20,1000,7,0,1,0,11,11,5,5,18618000,16336000,21000,34975000
347,1,cplex,5,20,1000,1,0,1,0,8,8,5,5,18358000,17764000,22000,36144000
348,1,cplex,5,20,1000,5,0,1,0,7,7,5,5,18352000,64867000,20000,83239000
349,1,cplex,5,20,1000,69,0,1,0,13,13,5,5,18443000,15937000,23000,34403000
350,1,cplex,5,20,1000,2,0,1,0,11,11,5,5,18501000,62369000,21000,80891000
351,1,cplex,5,20,1000,7,0,1,0,13,13,5,5,18386000,17587000,24000,35997000
352,1,cplex,5,20,1000,2,0,1,0,12,12,5,5,18457000,16049000,51000,34557000
353,1,cplex,5,20,1000,1,0,1,0,13,13,5,5,18376000,17312000,44000,35732000
354,1,cplex,5,20,1000,3,0,1,0,7,7,5,5,18437000,15039000,21000,33497000
355,1,cplex,5,20,1000,44,0,1,0,7,7,5,5,18160000,15644000,21000,33825000
356,1,cplex,5,20,1000,1,0,1,0,8,8,5,5,18083000,21327000,20000,39430000
357,1,cplex,5,20,1000,2,0,1,0,10,10,5,5,18755000,16293000,20000,35068000
358,1,cplex,5,20,1000,23,0,1,0,8,8,5,5,18169000,16775000,23000,34967000
359,1,cplex,5,20,1000,46,0,1,0,13,13,5,5,18259000,15313000,20000,33592000
360,1,cplex,5,20,5000,1,0,1,0,8,8,5,5,93893000,94344000,22000,188259000
361,1,cplex,5,20,5000,92,0,1,0,8,8,5,5,91559000,92679000,21000,184259000
362,1,cplex,5,20,5000,113,0,1,0,8,8,5,5,92387000,88551000,22000,180960000
363,1,cplex,5,20,5000,7,0,1,0,12,12,5,5,92124000,424765000,20000,516909000
364,1,cplex,5,20,5000,58,0,1,0,7,7,5,5,98611000,109025000,67000,207703000
365,1,cplex,5,20,5000,2,0,1,0,9,9,5,5,92760000,413617000,110000,506487000
366,1,cplex,5,20,5000,14,0,1,0,6,6,5,5,90879000,619146000,15000,710040000
367,1,cplex,5,20,5000,4,0,1,0,6,6,5,5,90159000,88363000,16000,178538000
368,1,cplex,5,20,5000,2,0,1,0,8,8,5,5,303764000,90802000,15000,394581000
369,1,cplex,5,20,5000,17,0,1,0,12,12,5,5,90948000,88257000,17000,179222000
370,1,cplex,5,20,5000,1,0,1,0,6,6,5,5,92458000,90018000,17000,182493000
371,1,cplex,5,20,5000,177,0,1,0,9,9,5,5,301059000,89433000,16000,390508000
372,1,cplex,5,20,5000,1,0,1,0,10,10,5,5,93140000,407818000,16000,500974000
373,1,cplex,5,20,5000,2,0,1,0,8,8,5,5,92116000,94944000,18000,187078000
374,1,cplex,5,20,5000,1,0,1,0,10,10,5,5,278647000,413925000,16000,692588000
375,1,cplex,5,20,5000,148,0,1,0,12,12,5,5,91214000,93964000,18000,185196000
376,1,cplex,5,20,5000,18,0,1,0,13,13,5,5,315211000,88450000,16000,403677000
377,1,cplex,5,20,5000,1,0,1,0,13,13,5,5,93349000,89839000,15000,183203000
378,1,cplex,5,20,5000,5,0,1,0,11,11,5,5,92089000,429141000,26000,521256000
379,1,cplex,5,20,5000,43,0,1,0,9,9,5,5,93569000,89291000,16000,182876000
380,1,cplex,5,20,10000,1,0,1,0,11,11,5,5,433487000,974254000,53000,1407794000
381,1,cplex,5,20,10000,2,0,1,0,8,8,5,5,414578000,189575000,10000,604163000
382,1,cplex,5,20,10000,1,0,1,0,6,6,5,5,189646000,208616000,16000,398278000
383,1,cplex,5,20,10000,227,0,1,0,6,6,5,5,183903000,194549000,18000,378470000
384,1,cplex,5,20,10000,2,0,1,0,8,8,5,5,187717000,945030000,10000,1132757000
385,1,cplex,5,20,10000,57,0,1,0,11,11,5,5,185655000,187592000,10000,373257000
386,1,cplex,5,20,10000,4,0,1,0,9,9,5,5,189004000,961313000,12000,1150329000
387,1,cplex,5,20,10000,1,0,1,0,8,8,5,5,187470000,190692000,10000,378172000
388,1,cplex,5,20,10000,1,0,1,0,8,8,5,5,414066000,189764000,11000,603841000
389,1,cplex,5,20,10000,1,0,1,0,6,6,5,5,188514000,202781000,11000,391306000
390,1,cplex,5,20,10000,1,0,1,0,7,7,5,5,188071000,203376000,11000,391458000
391,1,cplex,5,20,10000,656,0,1,0,8,8,5,5,185548000,198968000,10000,384526000
392,1,cplex,5,20,10000,500,0,1,0,8,8,5,5,183875000,202016000,10000,385901000
393,1,cplex,5,20,10000,1,0,1,0,11,11,5,5,187830000,975738000,10000,1163578000
394,1,cplex,5,20,10000,170,0,1,0,6,6,5,5,402673000,884700000,11000,1287384000
395,1,cplex,5,20,10000,1,0,1,0,12,12,5,5,188707000,191428000,10000,380145000
396,1,cplex,5,20,10000,1314,0,1,0,8,8,5,5,190132000,208814000,10000,398956000
397,1,cplex,5,20,10000,797,0,1,0,9,9,5,5,402849000,198476000,10000,601335000
398,1,cplex,5,20,10000,1,0,1,0,11,11,5,5,188679000,188142000,10000,376831000
399,1,cplex,5,20,10000,1,0,1,0,8,8,5,5,432487000,185187000,11000,617685000
400,1,cplex,2,5,1000,3,0,1,0,1,1,2,2,10292000,6204000,9000,16505000
401,1,cplex,2,5,1000,232,0,1,0,2,2,2,2,10816000,5734000,8000,16558000
402,1,cplex,2,5,1000,122,0,1,0,2,2,2,2,10511000,5863000,7000,16381000
403,1,cplex,2,5,1000,142,0,1,0,2,2,2,2,9857000,5792000,7000,15656000
404,1,cplex,2,5,1000,143,0,1,0,2,2,2,2,10216000,6329000,7000,16552000
405,1,cplex,2,5,1000,116,0,1,0,1,1,2,2,10127000,6278000,7000,16412000
406,1,cplex,2,5,1000,611,0,1,0,2,2,2,2,10481000,5979000,7000,16467000
407,1,cplex,2,5,1000,744,0,1,0,1,1,2,2,9980000,36398000,8000,46386000
408,1,cplex,2,5,1000,597,0,1,0,2,2,2,2,10005000,5408000,7000,15420000
409,1,cplex,2,5,1000,4,0,1,0,2,2,2,2,10427000,5692000,10000,16129000
410,1,cplex,2,5,1000,595,0,1,0,2,2,2,2,9982000,5867000,7000,15856000
411,1,cplex,2,5,1000,330,0,1,0,1,1,2,2,10200000,6370000,9000,16579000
412,1,cplex,2,5,1000,2,0,1,0,2,2,2,2,10039000,6421000,8000,16468000
413,1,cplex,2,5,1000,80,0,1,0,2,2,2,2,9983000,6154000,8000,16145000
414,1,cplex,2,5,1000,129,0,1,0,1,1,2,2,10150000,6119000,8000,16277000
415,1,cplex,2,5,1000,119,0,1,0,1,1,2,2,10264000,5967000,7000,16238000
416,1,cplex,2,5,1000,704,0,1,0,1,1,2,2,10114000,5825000,8000,15947000
417,1,cplex,2,5,1000,139,0,1,0,1,1,2,2,9913000,5985000,8000,15906000
418,1,cplex,2,5,1000,3,0,1,0,1,1,2,2,10459000,5949000,8000,16416000
419,1,cplex,2,5,1000,1,0,1,0,2,2,2,2,10794000,6186000,9000,16989000
420,1,cplex,3,5,1000,44,0,1,0,1,1,3,3,12686000,9402000,9000,22097000
421,1,cplex,3,5,1000,31,0,1,0,2,2,3,3,12692000,9435000,9000,22136000
422,1,cplex,3,5,1000,1,0,1,0,2,2,3,3,12851000,10363000,9000,23223000
423,1,cplex,3,5,1000,4,0,1,0,2,2,3,3,12954000,9201000,9000,22164000
424,1,cplex,3,5,1000,33,0,1,0,2,2,3,3,12477000,9078000,8000,21563000
425,1,cplex,3,5,1000,3,0,1,0,2,2,3,3,14731000,41852000,12000,56595000
426,1,cplex,3,5,1000,177,0,1,0,2,2,3,3,12724000,48843000,9000,61576000
427,1,cplex,3,5,1000,30,0,1,0,2,2,3,3,12748000,9260000,9000,22017000
428,1,cplex,3,5,1000,34,0,1,0,1,1,3,3,12834000,9467000,9000,22310000
429,1,cplex,3,5,1000,112,0,1,0,1,1,3,3,12620000,9310000,11000,21941000
430,1,cplex,3,5,1000,2,0,1,0,1,1,3,3,12861000,40669000,8000,53538000
431,1,cplex,3,5,1000,3,0,1,0,2,2,3,3,12956000,9305000,9000,22270000
432,1,cplex,3,5,1000,1,0,1,0,2,2,3,3,13096000,33752000,9000,46857000
433,1,cplex,3,5,1000,2,0,1,0,2,2,3,3,12966000,10241000,9000,23216000
434,1,cplex,3,5,1000,7,0,1,0,1,1,3,3,13086000,9121000,13000,22220000
435,1,cplex,3,5,1000,79,0,1,0,1,1,3,3,12527000,9372000,9000,21908000
436,1,cplex,3,5,1000,95,0,1,0,2,2,3,3,12828000,9098000,9000,21935000
437,1,cplex,3,5,1000,62,0,1,0,1,1,3,3,12588000,9896000,9000,22493000
438,1,cplex,3,5,1000,64,0,1,0,1,1,3,3,12828000,9949000,8000,22785000
439,1,cplex,3,5,1000,56,0,1,0,2,2,3,3,12752000,8856000,8000,21616000
440,1,cplex,4,5,1000,301,0,1,0,2,2,4,4,15435000,13240000,10000,28685000
441,1,cplex,4,5,1000,163,0,1,0,1,1,4,4,15426000,46503000,10000,61939000
442,1,cplex,4,5,1000,1,0,1,0,1,1,4,4,15633000,13639000,10000,29282000
443,1,cplex,4,5,1000,1,0,1,0,1,1,4,4,15873000,48996000,9000,64878000
444,1,cplex,4,5,1000,60,0,1,0,2,2,4,4,15482000,11802000,9000,27293000
445,1,cplex,4,5,1000,1,0,1,0,1,1,4,4,16070000,20693000,12000,36775000
446,1,cplex,4,5,1000,1,0,1,0,2,2,4,4,15670000,49265000,20000,64955000
447,1,cplex,4,5,1000,116,0,1,0,1,1,4,4,15444000,50320000,9000,65773000
448,1,cplex,4,5,1000,168,0,1,0,1,1,4,4,15320000,12073000,9000,27402000
449,1,cplex,4,5,1000,161,0,1,0,1,1,4,4,15362000,11252000,10000,26624000
450,1,cplex,4,5,1000,2,0,1,0,2,2,4,4,15534000,12258000,9000,27801000
451,1,cplex,4,5,1000,58,0,1,0,2,2,4,4,15304000,49347000,10000,64661000
452,1,cplex,4,5,1000,55,0,1,0,1,1,4,4,15468000,12747000,10000,28225000
453,1,cplex,4,5,1000,2,0,1,0,2,2,4,4,15811000,48530000,9000,64350000
454,1,cplex,4,5,1000,3,0,1,0,2,2,4,4,15679000,49266000,9000,64954000
455,1,cplex,4,5,1000,2,0,1,0,1,1,4,4,16572000,11979000,9000,28560000
456,1,cplex,4,5,1000,6,0,1,0,2,2,4,4,16213000,47541000,12000,63766000
457,1,cplex,4,5,1000,2,0,1,0,1,1,4,4,15562000,50666000,9000,66237000
458,1,cplex,4,5,1000,2,0,1,0,2,2,4,4,15421000,13239000,10000,28670000
459,1,cplex,4,5,1000,1,0,1,0,2,2,4,4,15561000,12975000,9000,28545000
460,1,cplex,2,20,1000,3,0,1,0,7,7,2,2,10253000,6132000,7000,16392000
461,1,cplex,2,20,1000,4,0,1,0,11,11,2,2,10427000,6582000,8000,17017000
462,1,cplex,2,20,1000,451,0,1,0,6,6,2,2,10281000,6108000,7000,16396000
463,1,cplex,2,20,1000,637,0,1,0,8,8,2,2,10292000,6116000,7000,16415000
464,1,cplex,2,20,1000,726,0,1,0,11,11,2,2,10203000,5004000,8000,15215000
465,1,cplex,2,20,1000,101,0,1,0,11,11,2,2,10267000,6799000,8000,17074000
466,1,cplex,2,20,1000,107,0,1,0,8,8,2,2,9916000,6047000,8000,15971000
467,1,cplex,2,20,1000,107,0,1,0,11,11,2,2,10007000,6093000,8000,16108000
468,1,cplex,2,20,1000,839,0,1,0,10,10,2,2,10259000,4930000,8000,15197000
469,1,cplex,2,20,1000,4,0,1,0,11,11,2,2,10261000,6131000,8000,16400000
470,1,cplex,2,20,1000,228,0,1,0,7,7,2,2,10454000,6030000,8000,16492000
471,1,cplex,2,20,1000,142,0,1,0,13,13,2,2,10306000,6224000,7000,16537000
472,1,cplex,2,20,1000,31,0,1,0,10,10,2,2,10035000,5993000,7000,16035000
473,1,cplex,2,20,1000,59,0,1,0,8,8,2,2,9993000,6154000,7000,16154000
474,1,cplex,2,20,1000,22,0,1,0,10,10,2,2,9946000,6129000,11000,16086000
475,1,cplex,2,20,1000,4,0,1,0,6,6,2,2,10202000,5904000,8000,16114000
476,1,cplex,2,20,1000,4,0,1,0,8,8,2,2,10277000,6226000,7000,16510000
477,1,cplex,2,20,1000,1,0,1,0,8,8,2,2,10416000,6128000,7000,16551000
478,1,cplex,2,20,1000,21,0,1,0,11,11,2,2,9989000,6066000,8000,16063000
479,1,cplex,2,20,1000,17,0,1,0,7,7,2,2,10054000,6086000,9000,16149000
480,1,cplex,3,20,1000,193,0,1,0,9,9,3,3,12924000,9693000,10000,22627000
481,1,cplex,3,20,1000,1,0,1,0,6,6,3,3,13131000,8879000,9000,22019000
482,1,cplex,3,20,1000,60,0,1,0,10,10,3,3,13522000,40064000,9000,53595000
483,1,cplex,3,20,1000,2,0,1,0,11,11,3,3,12983000,14242000,9000,27234000
484,1,cplex,3,20,1000,14,0,1,0,8,8,3,3,12764000,9382000,9000,22155000
485,1,cplex,3,20,1000,198,0,1,0,13,13,3,3,12680000,14720000,9000,27409000
486,1,cplex,3,20,1000,109,0,1,0,9,9,3,3,12709000,9128000,8000,21845000
487,1,cplex,3,20,1000,54,0,1,0,7,7,3,3,12777000,164168000,10000,176955000
488,1,cplex,3,20,1000,12,0,1,0,11,11,3,3,12541000,40177000,9000,52727000
489,1,cplex,3,20,1000,44,0,1,0,10,10,3,3,12795000,9193000,9000,21997000
490,1,cplex,3,20,1000,2,0,1,0,10,10,3,3,13005000,13464000,8000,26477000
491,1,cplex,3,20,1000,1,0,1,0,9,9,3,3,12920000,9809000,8000,22737000
492,1,cplex,3,20,1000,2,0,1,0,9,9,3,3,13201000,9783000,8000,22992000
493,1,cplex,3,20,1000,459,0,1,0,7,7,3,3,12771000,8449000,8000,21228000
494,1,cplex,3,20,1000,214,0,1,0,6,6,3,3,12639000,9496000,9000,22144000
495,1,cplex,3,20,1000,3,0,1,0,7,7,3,3,13749000,9841000,12000,23602000
496,1,cplex,3,20,1000,21,0,1,0,11,11,3,3,12539000,12149000,9000,24697000
497,1,cplex,3,20,1000,4,0,1,0,6,6,3,3,12921000,8688000,9000,21618000
498,1,cplex,3,20,1000,34,0,1,0,8,8,3,3,12775000,40401000,9000,53185000
499,1,cplex,3,20,1000,4,0,1,0,13,13,3,3,13065000,10366000,9000,23440000
500,1,cplex,4,20,1000,1,0,1,0,9,9,4,4,16115000,55080000,10000,71205000
501,1,cplex,4,20,1000,307,0,1,0,8,8,4,4,15462000,12024000,10000,27496000
502,1,cplex,4,20,1000,41,0,1,0,9,9,4,4,16442000,12993000,10000,29445000
503,1,cplex,4,20,1000,38,0,1,0,10,10,4,4,15526000,12809000,10000,28345000
504,1,cplex,4,20,1000,1,0,1,0,7,7,4,4,15793000,51405000,9000,67207000
505,1,cplex,4,20,1000,41,0,1,0,8,8,4,4,15474000,11982000,8000,27464000
506,1,cplex,4,20,1000,39,0,1,0,9,9,4,4,15437000,11867000,9000,27313000
507,1,cplex,4,20,1000,71,0,1,0,8,8,4,4,15483000,12466000,9000,27958000
508,1,cplex,4,20,1000,5,0,1,0,8,8,4,4,15630000,11511000,9000,27150000
509,1,cplex,4,20,1000,5,0,1,0,13,13,4,4,16422000,57814000,40000,74276000
510,1,cplex,4,20,1000,5,0,1,0,9,9,4,4,15466000,12795000,9000,28270000
511,1,cplex,4,20,1000,1,0,1,0,8,8,4,4,15313000,13866000,10000,29189000
512,1,cplex,4,20,1000,14,0,1,0,9,9,4,4,15451000,11854000,9000,27314000
513,1,cplex,4,20,1000,7,0,1,0,13,13,4,4,15705000,50537000,10000,66252000
514,1,cplex,4,20,1000,51,0,1,0,6,6,4,4,15521000,11677000,10000,27208000
515,1,cplex,4,20,1000,1,0,1,0,13,13,4,4,15884000,13118000,9000,29011000
516,1,cplex,4,20,1000,1,0,1,0,7,7,4,4,15714000,199926000,8000,215648000
517,1,cplex,4,20,1000,108,0,1,0,9,9,4,4,15547000,11740000,9000,27296000
518,1,cplex,4,20,1000,4,0,1,0,13,13,4,4,15528000,12468000,10000,28006000
519,1,cplex,4,20,1000,142,0,1,0,7,7,4,4,15341000,13309000,9000,28659000
520,1,cplex,1,1,1000,487,0,1,0,0,0,1,1,74649000,4813000,82000,79544000
521,1,cplex,1,1,1000,2,0,1,0,0,0,1,1,13766000,2754000,32000,16552000
522,1,cplex,1,1,1000,154,0,1,0,0,0,1,1,10716000,2786000,32000,13534000
523,1,cplex,1,1,1000,165,0,1,0,0,0,1,1,9892000,3065000,54000,13011000
524,1,cplex,1,1,1000,258,0,1,0,0,0,1,1,9899000,2985000,35000,12919000
525,1,cplex,1,1,1000,29,0,1,0,0,0,1,1,15944000,3576000,40000,19560000
526,1,cplex,1,1,1000,222,0,1,0,0,0,1,1,9242000,5542000,40000,14824000
527,1,cplex,1,1,1000,599,0,1,0,0,0,1,1,9045000,3535000,37000,12617000
528,1,cplex,1,1,1000,5,0,1,0,0,0,1,1,9003000,2629000,31000,11663000
529,1,cplex,1,1,1000,777,0,1,0,0,0,1,1,7842000,2652000,36000,10530000
530,1,cplex,1,1,1000,290,0,1,0,0,0,1,1,8642000,2935000,41000,11618000
531,1,cplex,1,1,1000,671,0,1,0,0,0,1,1,8583000,2610000,37000,11230000
532,1,cplex,1,1,1000,519,0,1,0,0,0,1,1,7907000,2899000,26000,10832000
533,1,cplex,1,1,1000,897,0,1,0,0,0,1,1,7838000,2645000,28000,10511000
534,1,cplex,1,1,1000,12,0,1,0,0,0,1,1,20452000,2570000,47000,23069000
535,1,cplex,1,1,1000,361,0,1,0,0,0,1,1,8161000,3152000,30000,11343000
536,1,cplex,1,1,1000,130,0,1,0,0,0,1,1,8963000,2910000,32000,11905000
537,1,cplex,1,1,1000,16,0,1,0,0,0,1,1,8120000,2601000,23000,10744000
538,1,cplex,1,1,1000,538,0,1,0,0,0,1,1,8067000,3026000,31000,11124000
539,1,cplex,1,1,1000,525,0,1,0,0,0,1,1,8107000,2679000,28000,10814000
540,1,cplex,1,10,1000,7,0,1,0,4,4,1,1,7855000,2634000,19000,10508000
541,1,cplex,1,10,1000,444,0,1,0,6,6,1,1,7820000,2521000,22000,10363000
542,1,cplex,1,10,1000,242,0,1,0,5,5,1,1,7820000,2638000,19000,10477000
543,1,cplex,1,10,1000,727,0,1,0,5,5,1,1,9033000,2731000,19000,11783000
544,1,cplex,1,10,1000,7,0,1,0,6,6,1,1,8298000,2660000,40000,10998000
545,1,cplex,1,10,1000,180,0,1,0,6,6,1,1,7591000,2616000,20000,10227000
546,1,cplex,1,10,1000,693,0,1,0,4,4,1,1,7647000,2555000,422000,10624000
547,1,cplex,1,10,1000,1,0,1,0,4,4,1,1,7834000,2546000,29000,10409000
548,1,cplex,1,10,1000,4,0,1,0,6,6,1,1,7907000,2560000,19000,10486000
549,1,cplex,1,10,1000,5,0,1,0,3,3,1,1,7825000,2590000,29000,10444000
550,1,cplex,1,10,1000,2,0,1,0,3,3,1,1,12157000,2957000,24000,15138000
551,1,cplex,1,10,1000,55,0,1,0,6,6,1,1,7656000,2711000,40000,10407000
552,1,cplex,1,10,1000,4,0,1,0,6,6,1,1,7721000,2616000,27000,10364000
553,1,cplex,1,10,1000,319,0,1,0,5,5,1,1,7588000,2484000,19000,10091000
554,1,cplex,1,10,1000,43,0,1,0,3,3,1,1,7559000,2564000,19000,10142000
555,1,cplex,1,10,1000,494,0,1,0,6,6,1,1,8364000,2690000,33000,11087000
556,1,cplex,1,10,1000,33,0,1,0,6,6,1,1,7628000,2712000,19000,10359000
557,1,cplex,1,10,1000,960,0,1,0,3,3,1,1,8292000,2633000,19000,10944000
558,1,cplex,1,10,1000,515,0,1,0,6,6,1,1,7752000,2684000,20000,10456000
559,1,cplex,1,10,1000,717,0,1,0,5,5,1,1,8033000,2654000,19000,10706000
560,1,cplex,1,15,1000,524,0,1,0,9,9,1,1,7828000,2624000,21000,10473000
561,1,cplex,1,15,1000,2,0,1,0,8,8,1,1,7963000,2676000,18000,10657000
562,1,cplex,1,15,1000,42,0,1,0,9,9,1,1,7847000,2622000,22000,10491000
563,1,cplex,1,15,1000,112,0,1,0,8,8,1,1,8701000,3007000,24000,11732000
564,1,cplex,1,15,1000,3,0,1,0,5,5,1,1,8243000,2610000,43000,10896000
565,1,cplex,1,15,1000,216,0,1,0,7,7,1,1,7937000,2720000,20000,10677000
566,1,cplex,1,15,1000,171,0,1,0,9,9,1,1,7473000,2753000,17000,10243000
567,1,cplex,1,15,1000,578,0,1,0,4,4,1,1,7842000,2552000,17000,10411000
568,1,cplex,1,15,1000,226,0,1,0,9,9,1,1,7673000,2506000,27000,10206000
569,1,cplex,1,15,1000,109,0,1,0,6,6,1,1,8637000,2905000,18000,11560000
570,1,cplex,1,15,1000,199,0,1,0,6,6,1,1,8408000,2659000,45000,11112000
571,1,cplex,1,15,1000,314,0,1,0,4,4,1,1,8031000,2722000,46000,10799000
572,1,cplex,1,15,1000,252,0,1,0,5,5,1,1,8069000,2634000,27000,10730000
573,1,cplex,1,15,1000,7,0,1,0,9,9,1,1,116625000,3485000,25000,120135000
574,1,cplex,1,15,1000,722,0,1,0,4,4,1,1,7673000,2941000,17000,10631000
575,1,cplex,1,15,1000,89,0,1,0,4,4,1,1,7766000,3023000,30000,10819000
576,1,cplex,1,15,1000,283,0,1,0,6,6,1,1,8052000,2682000,19000,10753000
577,1,cplex,1,15,1000,13,0,1,0,8,8,1,1,7862000,2517000,16000,10395000
578,1,cplex,1,15,1000,345,0,1,0,7,7,1,1,7963000,3069000,19000,11051000
579,1,cplex,1,15,1000,10,0,1,0,7,7,1,1,8497000,2474000,24000,10995000
580,1,cplex,5,1,1000,1,0,1,0,0,0,5,5,31075000,21215000,50000,52340000
581,1,cplex,5,1,1000,17,0,1,0,0,0,5,5,19838000,15208000,33000,35079000
582,1,cplex,5,1,1000,1,0,1,0,0,0,5,5,18205000,63782000,44000,82031000
583,1,cplex,5,1,1000,2,0,1,0,0,0,5,5,19333000,16323000,37000,35693000
584,1,cplex,5,1,1000,57,0,1,0,0,0,5,5,19007000,15736000,26000,34769000
585,1,cplex,5,1,1000,24,0,1,0,0,0,5,5,19432000,78433000,29000,97894000
586,1,cplex,5,1,1000,2,0,1,0,0,0,5,5,18284000,63044000,26000,81354000
587,1,cplex,5,1,1000,19,0,1,0,0,0,5,5,18165000,16256000,29000,34450000
588,1,cplex,5,1,1000,1,0,1,0,0,0,5,5,18296000,16812000,26000,35134000
589,1,cplex,5,1,1000,24,0,1,0,0,0,5,5,18345000,17965000,29000,36339000
590,1,cplex,5,1,1000,3,0,1,0,0,0,5,5,18083000,15551000,26000,33660000
591,1,cplex,5,1,1000,19,0,1,0,0,0,5,5,17820000,62610000,27000,80457000
592,1,cplex,5,1,1000,3,0,1,0,0,0,5,5,18643000,63591000,26000,82260000
593,1,cplex,5,1,1000,2,0,1,0,0,0,5,5,19146000,63050000,54000,82250000
594,1,cplex,5,1,1000,8,0,1,0,0,0,5,5,18132000,15574000,46000,33752000
595,1,cplex,5,1,1000,1,0,1,0,0,0,5,5,55003000,56854000,36000,111893000
596,1,cplex,5,1,1000,3,0,1,0,0,0,5,5,18712000,16398000,25000,35135000
597,1,cplex,5,1,1000,1,0,1,0,0,0,5,5,18195000,61696000,27000,79918000
598,1,cplex,5,1,1000,2,0,1,0,0,0,5,5,18192000,15963000,25000,34180000
599,1,cplex,5,1,1000,24,0,1,0,0,0,5,5,17844000,16251000,26000,34121000
600,1,cplex,5,10,1000,18,0,1,0,3,3,5,5,17979000,15747000,26000,33752000
601,1,cplex,5,10,1000,12,0,1,0,5,5,5,5,17584000,15780000,31000,33395000
602,1,cplex,5,10,1000,1,0,1,0,6,6,5,5,19372000,64552000,798000,84722000
603,1,cplex,5,10,1000,57,0,1,0,5,5,5,5,18378000,17719000,26000,36123000
604,1,cplex,5,10,1000,2,0,1,0,5,5,5,5,79961000,60789000,25000,140775000
605,1,cplex,5,10,1000,63,0,1,0,6,6,5,5,19759000,18145000,39000,37943000
606,1,cplex,5,10,1000,2,0,1,0,3,3,5,5,18228000,16755000,25000,35008000
607,1,cplex,5,10,1000,4,0,1,0,6,6,5,5,18498000,17668000,25000,36191000
608,1,cplex,5,10,1000,30,0,1,0,4,4,5,5,18139000,15989000,26000,34154000
609,1,cplex,5,10,1000,17,0,1,0,5,5,5,5,18222000,15391000,25000,33638000
610,1,cplex,5,10,1000,1,0,1,0,5,5,5,5,18060000,132211000,25000,150296000
611,1,cplex,5,10,1000,2,0,1,0,6,6,5,5,18347000,15829000,26000,34202000
612,1,cplex,5,10,1000,170,0,1,0,6,6,5,5,18283000,14471000,26000,32780000
613,1,cplex,5,10,1000,64,0,1,0,6,6,5,5,19377000,73397000,27000,92801000
614,1,cplex,5,10,1000,1,0,1,0,3,3,5,5,18518000,34629000,26000,53173000
615,1,cplex,5,10,1000,3,0,1,0,4,4,5,5,19446000,65555000,27000,85028000
616,1,cplex,5,10,1000,1,0,1,0,6,6,5,5,17944000,16761000,26000,34731000
617,1,cplex,5,10,1000,2,0,1,0,3,3,5,5,18852000,18700000,24000,37576000
618,1,cplex,5,10,1000,53,0,1,0,3,3,5,5,17903000,15011000,43000,32957000
619,1,cplex,5,10,1000,30,0,1,0,4,4,5,5,17916000,16489000,56000,34461000
620,1,cplex,5,15,1000,1,0,1,0,5,5,5,5,18017000,65018000,82000,83117000
621,1,cplex,5,15,1000,34,0,1,0,9,9,5,5,18734000,16796000,33000,35563000
622,1,cplex,5,15,1000,64,0,1,0,4,4,5,5,17804000,17411000,24000,35239000
623,1,cplex,5,15,1000,8,0,1,0,4,4,5,5,17688000,16207000,45000,33940000
624,1,cplex,5,15,1000,12,0,1,0,7,7,5,5,17736000,63819000,26000,81581000
625,1,cplex,5,15,1000,1,0,1,0,4,4,5,5,18660000,62855000,23000,81538000
626,1,cplex,5,15,1000,1,0,1,0,6,6,5,5,19304000,62955000,22000,82281000
627,1,cplex,5,15,1000,8,0,1,0,9,9,5,5,19128000,17803000,25000,36956000
628,1,cplex,5,15,1000,1,0,1,0,8,8,5,5,19845000,18459000,22000,38326000
629,1,cplex,5,15,1000,60,0,1,0,7,7,5,5,18943000,16376000,28000,35347000
630,1,cplex,5,15,1000,20,0,1,0,5,5,5,5,18512000,17095000,23000,35630000
631,1,cplex,5,15,1000,1,0,1,0,5,5,5,5,18175000,64187000,43000,82405000
632,1,cplex,5,15,1000,1,0,1,0,7,7,5,5,108795000,62210000,28000,171033000
633,1,cplex,5,15,1000,2,0,1,0,8,8,5,5,18412000,17080000,24000,35516000
634,1,cplex,5,15,1000,9,0,1,0,8,8,5,5,18316000,15534000,24000,33874000
635,1,cplex,5,15,1000,8,0,1,0,4,4,5,5,18765000,63659000,23000,82447000
636,1,cplex,5,15,1000,2,0,1,0,8,8,5,5,19271000,65760000,37000,85068000
637,1,cplex,5,15,1000,6,0,1,0,8,8,5,5,17658000,17960000,23000,35641000
638,1,cplex,5,15,1000,85,0,1,0,6,6,5,5,17617000,63889000,26000,81532000
639,1,cplex,5,15,1000,1,0,1,0,5,5,5,5,120210000,15431000,24000,135665000
640,1,dt,1,5,100,74,74,0,0,1,-1,-1,-1,23879000,21897000,83039000,128815000
641,1,dt,1,5,100,8,0,1,0,1,1,1,1,3395000,1230000,620000,5245000
642,1,dt,1,5,100,1,0,1,0,1,1,1,1,927000,1110000,480000,2517000
643,1,dt,1,5,100,4,2,0.5,0,2,2,1,1,769000,992000,2106000,3867000
644,1,dt,1,5,100,8,8,0,0,1,2,1,1,1753000,1318000,712000,3783000
645,1,dt,1,5,100,34,100,0,1.94118,2,2,1,1,818000,547000,328000,1693000
646,1,dt,1,5,100,18,0,1,0,2,2,1,1,800000,709000,359000,1868000
647,1,dt,1,5,100,9,0,1,0,1,1,1,1,714000,829000,326000,1869000
648,1,dt,1,5,100,58,0,1,0,1,1,1,1,708000,652000,335000,1695000
649,1,dt,1,5,100,47,0,1,0,1,1,1,1,755000,762000,304000,1821000
650,1,dt,1,5,100,1,0,1,0,2,2,1,1,776000,4438000,290000,5504000
651,1,dt,1,5,100,55,0,1,0,2,2,1,1,697000,734000,364000,1795000
652,1,dt,1,5,100,46,0,1,0,2,2,1,1,923000,752000,284000,1959000
653,1,dt,1,5,100,63,100,0,0.587302,1,1,1,1,923000,405000,172000,1500000
654,1,dt,1,5,100,1,0,1,0,2,2,1,1,970000,570000,328000,1868000
655,1,dt,1,5,100,10,0,1,0,1,1,1,1,716000,691000,288000,1695000
656,1,dt,1,5,100,3,0,1,0,2,2,1,1,7648000,591000,342000,8581000
657,1,dt,1,5,100,5,0,1,0,1,1,1,1,823000,635000,277000,1735000
658,1,dt,1,5,100,1,0,1,0,1,1,1,1,726000,567000,259000,1552000
659,1,dt,1,5,100,53,0,1,0,2,2,1,1,638000,596000,336000,1570000
660,1,dt,1,5,500,4,0,1,0,1,1,1,1,1565000,1714000,348000,3627000
661,1,dt,1,5,500,500,500,0,0,1,-1,-1,-1,4276000,3269000,690000,8235000
662,1,dt,1,5,500,32,0,1,0,1,1,1,1,1496000,2099000,284000,3879000
663,1,dt,1,5,500,129,0,1,0,1,1,1,1,270497000,8550000,332000,279379000
664,1,dt,1,5,500,2,2,0,0,2,-1,-1,-1,1690000,1264000,300000,3254000
665,1,dt,1,5,500,82,0,1,0,2,2,1,1,1280000,1399000,281000,2960000
666,1,dt,1,5,500,86,0,1,0,1,1,1,1,7954000,1307000,329000,9590000
667,1,dt,1,5,500,5,500,0,99,1,1,1,1,1232000,644000,194000,2070000
668,1,dt,1,5,500,92,0,1,0,2,2,1,1,1142000,1100000,297000,2539000
669,1,dt,1,5,500,94,0,1,0,1,1,1,1,965000,1104000,282000,2351000
670,1,dt,1,5,500,55,0,1,0,1,1,1,1,1144000,1150000,318000,2612000
671,1,dt,1,5,500,345,500,0,0.449275,2,2,1,1,1180000,523000,140000,1843000
672,1,dt,1,5,500,39,0,1,0,1,1,1,1,1252000,1004000,240000,2496000
673,1,dt,1,5,500,4,4,0,0,2,-1,-1,-1,1943000,1643000,428000,4014000
674,1,dt,1,5,500,174,0,1,0,2,2,1,1,1232000,1092000,257000,2581000
675,1,dt,1,5,500,166,0,1,0,1,1,1,1,929000,1242000,284000,2455000
676,1,dt,1,5,500,76,0,1,0,1,1,1,1,907000,1181000,263000,2351000
677,1,dt,1,5,500,15,15,0,0,1,3,1,1,3178000,2129000,568000,5875000
678,1,dt,1,5,500,91,0,1,0,2,2,1,1,1088000,1048000,238000,2374000
679,1,dt,1,5,500,52,500,0,8.61539,2,2,1,1,871000,674000,168000,1713000
680,1,dt,1,5,1000,83,0,1,0,1,1,1,1,1292000,2166000,246000,3704000
681,1,dt,1,5,1000,261,1000,0,2.83142,2,2,1,1,1324000,1035000,182000,2541000
682,1,dt,1,5,1000,109,0,1,0,2,2,1,1,1464000,11382000,364000,13210000
683,1,dt,1,5,1000,212,1000,0,3.71698,1,1,1,1,1306000,840000,140000,2286000
684,1,dt,1,5,1000,1000,1000,0,0,2,2,1,1,1533000,829000,141000,2503000
685,1,dt,1,5,1000,4,0,1,0,2,2,1,1,1693000,2146000,331000,4170000
686,1,dt,1,5,1000,66,0,1,0,1,1,1,1,1340000,2124000,270000,3734000
687,1,dt,1,5,1000,8,0,1,0,2,2,1,1,1672000,2102000,325000,4099000
688,1,dt,1,5,1000,141,0,1,0,1,1,1,1,1370000,1922000,338000,3630000
689,1,dt,1,5,1000,692,0,1,0,1,1,1,1,1542000,1927000,402000,3871000
690,1,dt,1,5,1000,409,0,1,0,2,2,1,1,1531000,1663000,255000,3449000
691,1,dt,1,5,1000,681,0,1,0,2,2,1,1,1418000,1511000,297000,3226000
692,1,dt,1,5,1000,409,0,1,0,2,2,1,1,1453000,1460000,248000,3161000
693,1,dt,1,5,1000,246,0,1,0,2,2,1,1,1480000,1553000,232000,3265000
694,1,dt,1,5,1000,788,0,1,0,1,1,1,1,1519000,1485000,231000,3235000
695,1,dt,1,5,1000,387,1000,0,1.58398,1,1,1,1,1372000,3682000,138000,5192000
696,1,dt,1,5,1000,165,0,1,0,2,2,1,1,1222000,1544000,230000,2996000
697,1,dt,1,5,1000,526,0,1,0,1,1,1,1,1355000,1383000,278000,3016000
698,1,dt,1,5,1000,2,0,1,0,1,1,1,1,1504000,2080000,353000,3937000
699,1,dt,1,5,1000,84,0,1,0,2,2,1,1,1175000,1733000,326000,3234000
700,1,dt,1,5,5000,1663,0,1,0,2,2,1,1,5597000,19607000,344000,25548000
701,1,dt,1,5,5000,805,0,1,0,1,1,1,1,4994000,5569000,295000,10858000
702,1,dt,1,5,5000,1,0,1,0,2,2,1,1,30459000,7131000,349000,37939000
703,1,dt,1,5,5000,136,136,0,0,1,-1,-1,-1,182589000,317402000,1058000,501049000
704,1,dt,1,5,5000,1864,0,1,0,1,1,1,1,5178000,5331000,256000,10765000
705,1,dt,1,5,5000,139,0,1,0,2,2,1,1,5304000,3707000,267000,9278000
706,1,dt,1,5,5000,884,0,1,0,2,2,1,1,4956000,3115000,241000,8312000
707,1,dt,1,5,5000,3256,0,1,0,2,2,1,1,5431000,4237000,257000,9925000
708,1,dt,1,5,5000,1569,0,1,0,1,1,1,1,4706000,3308000,290000,8304000
709,1,dt,1,5,5000,4,0,1,0,1,1,1,1,6921000,3906000,451000,11278000
710,1,dt,1,5,5000,3293,0,1,0,1,1,1,1,4831000,2782000,315000,7928000
711,1,dt,1,5,5000,3476,3476,0,0,2,-1,-1,-1,72895000,11663000,434000,84992000
712,1,dt,1,5,5000,625,0,1,0,1,1,1,1,5091000,4200000,255000,9546000
713,1,dt,1,5,5000,343,0,1,0,1,1,1,1,5027000,3132000,293000,8452000
714,1,dt,1,5,5000,684,0,1,0,1,1,1,1,5198000,3776000,260000,9234000
715,1,dt,1,5,5000,821,0,1,0,1,1,1,1,4750000,2613000,240000,7603000
716,1,dt,1,5,5000,6,0,1,0,2,2,1,1,6921000,77578000,358000,84857000
717,1,dt,1,5,5000,3318,5000,0,0.506932,1,1,1,1,5129000,1726000,192000,7047000
718,1,dt,1,5,5000,2844,0,1,0,1,1,1,1,5825000,2545000,255000,8625000
719,1,dt,1,5,5000,4322,0,1,0,2,2,1,1,5888000,2476000,255000,8619000
720,1,dt,1,5,10000,2471,0,1,0,1,1,1,1,11483000,4652000,331000,16466000
721,1,dt,1,5,10000,6,0,1,0,2,2,1,1,13284000,6303000,421000,20008000
722,1,dt,1,5,10000,5417,0,1,0,1,1,1,1,11084000,5025000,325000,16434000
723,1,dt,1,5,10000,781,0,1,0,2,2,1,1,9623000,4972000,289000,14884000
724,1,dt,1,5,10000,5,0,1,0,2,2,1,1,124989000,7927000,393000,133309000
725,1,dt,1,5,10000,3441,0,1,0,1,1,1,1,9437000,5794000,309000,15540000
726,1,dt,1,5,10000,3,3,0,0,1,2,1,1,10302000,7804000,286000,18392000
727,1,dt,1,5,10000,352,0,1,0,2,2,1,1,11437000,4818000,278000,16533000
728,1,dt,1,5,10000,2405,0,1,0,1,1,1,1,10176000,7242000,311000,17729000
729,1,dt,1,5,10000,788,0,1,0,1,1,1,1,10162000,7171000,225000,17558000
730,1,dt,1,5,10000,1413,0,1,0,1,1,1,1,9700000,5555000,229000,15484000
731,1,dt,1,5,10000,2119,0,1,0,1,1,1,1,10257000,7237000,268000,17762000
732,1,dt,1,5,10000,1374,10000,0,6.27802,2,2,1,1,10567000,4006000,176000,14749000
733,1,dt,1,5,10000,344,0,1,0,1,1,1,1,9919000,6712000,223000,16854000
734,1,dt,1,5,10000,4,4,0,0,1,3,1,1,20423000,11593000,569000,32585000
735,1,dt,1,5,10000,82,0,1,0,1,1,1,1,9804000,7671000,224000,17699000
736,1,dt,1,5,10000,4,4,0,0,1,2,1,1,10117000,6633000,231000,16981000
737,1,dt,1,5,10000,8900,0,1,0,1,1,1,1,9509000,7480000,228000,17217000
738,1,dt,1,5,10000,3365,10000,0,1.97177,1,1,1,1,9569000,3273000,171000,13013000
739,1,dt,1,5,10000,2963,0,1,0,1,1,1,1,9739000,5457000,233000,15429000
740,1,dt,1,20,100,2,0,1,0,7,7,1,1,628000,460000,269000,1357000
741,1,dt,1,20,100,15,0,1,0,10,10,1,1,574000,390000,232000,1196000
742,1,dt,1,20,100,2,0,1,0,13,13,1,1,752000,353000,295000,1400000
743,1,dt,1,20,100,12,0,1,0,6,6,1,1,625000,346000,282000,1253000
744,1,dt,1,20,100,41,0,1,0,9,9,1,1,659000,333000,315000,1307000
745,1,dt,1,20,100,5,0,1,0,12,12,1,1,606000,427000,332000,1365000
746,1,dt,1,20,100,7,0,1,0,6,6,1,1,736000,388000,389000,1513000
747,1,dt,1,20,100,12,0,1,0,7,7,1,1,623000,347000,231000,1201000
748,1,dt,1,20,100,2,0,1,0,12,12,1,1,839000,346000,347000,1532000
749,1,dt,1,20,100,61,0,1,0,13,13,1,1,568000,327000,316000,1211000
750,1,dt,1,20,100,14,0,1,0,6,6,1,1,671000,407000,214000,1292000
751,1,dt,1,20,100,1,100,0,99,7,7,1,1,537000,358000,127000,1022000
752,1,dt,1,20,100,26,0,1,0,13,13,1,1,538000,453000,196000,1187000
753,1,dt,1,20,100,13,0,1,0,6,6,1,1,620000,308000,207000,1135000
754,1,dt,1,20,100,5,0,1,0,13,13,1,1,737000,392000,212000,1341000
755,1,dt,1,20,100,20,0,1,0,10,10,1,1,614000,414000,252000,1280000
756,1,dt,1,20,100,29,0,1,0,9,9,1,1,620000,395000,191000,1206000
757,1,dt,1,20,100,72,0,1,0,12,12,1,1,462000,306000,248000,1016000
758,1,dt,1,20,100,4,0,1,0,10,10,1,1,611000,335000,198000,1144000
759,1,dt,1,20,100,60,0,1,0,7,7,1,1,478000,2542000,215000,3235000
760,1,dt,1,20,500,39,0,1,0,6,6,1,1,854000,601000,256000,1711000
761,1,dt,1,20,500,16,16,0,0,13,17,1,1,4725000,2511000,1087000,8323000
762,1,dt,1,20,500,267,28,0.895131,0,7,7,1,1,992000,557000,290000,1839000
763,1,dt,1,20,500,290,0,1,0,12,12,1,1,1072000,573000,342000,1987000
764,1,dt,1,20,500,153,2,0.986928,0,13,13,1,1,952000,524000,269000,1745000
765,1,dt,1,20,500,378,378,0,0,6,12,1,1,4578000,3090000,1444000,9112000
766,1,dt,1,20,500,79,0,1,0,12,12,1,1,764000,485000,211000,1460000
767,1,dt,1,20,500,46,0,1,0,12,12,1,1,785000,597000,228000,1610000
768,1,dt,1,20,500,2,2,0,0,6,-1,-1,-1,192550000,4896000,1199000,198645000
769,1,dt,1,20,500,17,0,1,0,10,10,1,1,1014000,576000,181000,1771000
770,1,dt,1,20,500,94,0,1,0,13,13,1,1,1167000,502000,179000,1848000
771,1,dt,1,20,500,18,0,1,0,12,12,1,1,905000,488000,225000,1618000
772,1,dt,1,20,500,5,0,1,0,6,6,1,1,1179000,579000,202000,1960000
773,1,dt,1,20,500,94,19,0.797872,0,12,12,1,1,1066000,491000,289000,1846000
774,1,dt,1,20,500,143,0,1,0,11,11,1,1,1197000,564000,240000,2001000
775,1,dt,1,20,500,250,0,1,0,13,13,1,1,976000,439000,177000,1592000
776,1,dt,1,20,500,434,0,1,0,6,6,1,1,1077000,486000,176000,1739000
777,1,dt,1,20,500,2,0,1,0,6,6,1,1,968000,577000,177000,1722000
778,1,dt,1,20,500,6,0,1,0,6,6,1,1,1011000,607000,219000,1837000
779,1,dt,1,20,500,165,0,1,0,7,7,1,1,806000,511000,179000,1496000
780,1,dt,1,20,1000,262,0,1,0,11,11,1,1,1597000,779000,200000,2576000
781,1,dt,1,20,1000,41,0,1,0,12,12,1,1,1558000,1007000,251000,2816000
782,1,dt,1,20,1000,10,2,0.8,0,6,6,1,1,2574000,35148000,247000,37969000
783,1,dt,1,20,1000,156,0,1,0,7,7,1,1,1085000,663000,180000,1928000
784,1,dt,1,20,1000,1000,1000,0,0,8,9,1,1,2653000,1535000,298000,4486000
785,1,dt,1,20,1000,81,0,1,0,9,9,1,1,1384000,895000,272000,2551000
786,1,dt,1,20,1000,90,0,1,0,13,13,1,1,1765000,907000,229000,2901000
787,1,dt,1,20,1000,73,0,1,0,10,10,1,1,1412000,696000,292000,2400000
788,1,dt,1,20,1000,20,0,1,0,9,9,1,1,1339000,808000,330000,2477000
789,1,dt,1,20,1000,77,0,1,0,13,13,1,1,1420000,997000,289000,2706000
790,1,dt,1,20,1000,172,0,1,0,9,9,1,1,1568000,670000,211000,2449000
791,1,dt,1,20,1000,12,0,1,0,6,6,1,1,1492000,692000,192000,2376000
792,1,dt,1,20,1000,120,0,1,0,6,6,1,1,1424000,907000,189000,2520000
793,1,dt,1,20,1000,176,176,0,0,12,15,1,1,3821000,2566000,658000,7045000
794,1,dt,1,20,1000,2,2,0,0,6,9,1,1,5653000,3640000,220000,9513000
795,1,dt,1,20,1000,441,0,1,0,12,12,1,1,1526000,728000,152000,2406000
796,1,dt,1,20,1000,261,0,1,0,12,12,1,1,1380000,664000,150000,2194000
797,1,dt,1,20,1000,8,8,0,0,6,11,1,1,18754000,3538000,1001000,23293000
798,1,dt,1,20,1000,1,0,1,0,9,9,1,1,1712000,931000,182000,2825000
799,1,dt,1,20,1000,123,139,0,0.130081,9,15,1,1,10118000,4656000,1006000,15780000
800,1,dt,1,20,5000,112,0,1,0,10,10,1,1,6144000,3634000,157000,9935000
801,1,dt,1,20,5000,186,0,1,0,9,9,1,1,4857000,2515000,158000,7530000
802,1,dt,1,20,5000,928,0,1,0,11,11,1,1,4963000,3520000,211000,8694000
803,1,dt,1,20,5000,804,0,1,0,6,6,1,1,5358000,3324000,161000,8843000
804,1,dt,1,20,5000,410,0,1,0,11,11,1,1,5075000,2489000,197000,7761000
805,1,dt,1,20,5000,8,0,1,0,10,10,1,1,6618000,3292000,195000,10105000
806,1,dt,1,20,5000,175,0,1,0,8,8,1,1,5066000,2271000,158000,7495000
807,1,dt,1,20,5000,256,0,1,0,7,7,1,1,5616000,2491000,159000,8266000
808,1,dt,1,20,5000,455,0,1,0,7,7,1,1,5164000,3578000,172000,8914000
809,1,dt,1,20,5000,1105,0,1,0,12,12,1,1,6154000,2477000,161000,8792000
810,1,dt,1,20,5000,112,0,1,0,11,11,1,1,5217000,2322000,160000,7699000
811,1,dt,1,20,5000,1514,0,1,0,7,7,1,1,5167000,2433000,158000,7758000
812,1,dt,1,20,5000,451,0,1,0,10,10,1,1,5558000,3477000,164000,9199000
813,1,dt,1,20,5000,6,0,1,0,11,11,1,1,6640000,3390000,186000,10216000
814,1,dt,1,20,5000,4094,0,1,0,8,8,1,1,5865000,3672000,159000,9696000
815,1,dt,1,20,5000,7,0,1,0,11,11,1,1,6289000,3339000,187000,9815000
816,1,dt,1,20,5000,161,161,0,0,10,-1,-1,-1,79895000,35204000,1433000,116532000
817,1,dt,1,20,5000,982,0,1,0,10,10,1,1,5055000,3536000,224000,8815000
818,1,dt,1,20,5000,835,0,1,0,13,13,1,1,4952000,2173000,161000,7286000
819,1,dt,1,20,5000,3076,0,1,0,8,8,1,1,4888000,2553000,158000,7599000
820,1,dt,1,20,10000,1359,0,1,0,13,13,1,1,9961000,4645000,169000,14775000
821,1,dt,1,20,10000,2946,0,1,0,12,12,1,1,9617000,4533000,167000,14317000
822,1,dt,1,20,10000,2100,0,1,0,13,13,1,1,12183000,4917000,167000,17267000
823,1,dt,1,20,10000,3393,0,1,0,13,13,1,1,9884000,4553000,171000,14608000
824,1,dt,1,20,10000,8,0,1,0,12,12,1,1,13071000,7074000,196000,20341000
825,1,dt,1,20,10000,3182,0,1,0,6,6,1,1,9666000,4574000,268000,14508000
826,1,dt,1,20,10000,6229,0,1,0,10,10,1,1,9320000,5846000,251000,15417000
827,1,dt,1,20,10000,627,0,1,0,7,7,1,1,10227000,10244000,262000,20733000
828,1,dt,1,20,10000,1055,0,1,0,10,10,1,1,10123000,7196000,168000,17487000
829,1,dt,1,20,10000,4,0,1,0,12,12,1,1,13252000,6295000,282000,19829000
830,1,dt,1,20,10000,3357,0,1,0,10,10,1,1,9694000,4476000,192000,14362000
831,1,dt,1,20,10000,1305,0,1,0,8,8,1,1,10828000,5340000,189000,16357000
832,1,dt,1,20,10000,3240,0,1,0,11,11,1,1,9477000,5257000,209000,14943000
833,1,dt,1,20,10000,7954,0,1,0,13,13,1,1,9164000,5293000,240000,14697000
834,1,dt,1,20,10000,1926,0,1,0,6,6,1,1,9287000,5202000,245000,14734000
835,1,dt,1,20,10000,5774,0,1,0,13,13,1,1,11082000,5026000,170000,16278000
836,1,dt,1,20,10000,2,0,1,0,9,9,1,1,13254000,6521000,256000,20031000
837,1,dt,1,20,10000,180,0,1,0,7,7,1,1,9514000,6000000,238000,15752000
838,1,dt,1,20,10000,2129,0,1,0,7,7,1,1,10821000,7331000,243000,18395000
839,1,dt,1,20,10000,7,7,0,0,13,19,1,1,298810000,30123000,954000,329887000
840,1,dt,5,5,100,1,1,0,0,2,-1,-1,-1,2093000,783000,240000,3116000
841,1,dt,5,5,100,1,1,0,0,2,-1,-1,-1,1046000,337000,105000,1488000
842,1,dt,5,5,100,5,5,0,0,1,-1,-1,-1,2205000,858000,230000,3293000
843,1,dt,5,5,100,6,1,0.833333,0,2,2,5,5,1042000,450000,159000,1651000
844,1,dt,5,5,100,1,1,0,0,2,-1,-1,-1,763000,325000,98000,1186000
845,1,dt,5,5,100,4,4,0,0,2,-1,-1,-1,1503000,599000,277000,2379000
846,1,dt,5,5,100,1,1,0,0,2,-1,-1,-1,2596000,881000,299000,3776000
847,1,dt,5,5,100,3,0,1,0,2,2,5,5,986000,495000,230000,1711000
848,1,dt,5,5,100,3,3,0,0,2,-1,-1,-1,2128000,635000,160000,2923000
849,1,dt,5,5,100,1,1,0,0,1,-1,-1,-1,2678000,814000,236000,3728000
850,1,dt,5,5,100,1,1,0,0,2,-1,-1,-1,908000,323000,92000,1323000
851,1,dt,5,5,100,2,2,0,0,2,-1,-1,-1,2661000,1354000,276000,4291000
852,1,dt,5,5,100,1,1,0,0,2,-1,-1,-1,1656000,1207000,232000,3095000
853,1,dt,5,5,100,1,1,0,0,2,-1,-1,-1,1467000,635000,206000,2308000
854,1,dt,5,5,100,4,0,1,0,1,1,5,5,741000,441000,184000,1366000
855,1,dt,5,5,100,1,1,0,0,1,-1,-1,-1,2373000,1522000,236000,4131000
856,1,dt,5,5,100,1,1,0,0,1,-1,-1,-1,2477000,1742000,269000,4488000
857,1,dt,5,5,100,2,2,0,0,2,-1,-1,-1,1664000,606000,160000,2430000
858,1,dt,5,5,100,1,1,0,0,2,-1,-1,-1,2433000,848000,302000,3583000
859,1,dt,5,5,100,1,1,0,0,1,-1,-1,-1,2102000,896000,232000,3230000
860,1,dt,5,5,500,21,0,1,0,2,2,5,5,2432000,1319000,177000,3928000
861,1,dt,5,5,500,1,1,0,0,1,-1,-1,-1,7894000,2064000,313000,10271000
862,1,dt,5,5,500,1,1,0,0,1,2,5,5,2366000,1256000,182000,3804000
863,1,dt,5,5,500,19,0,1,0,2,2,5,5,2471000,1232000,150000,3853000
864,1,dt,5,5,500,93,0,1,0,2,2,5,5,2623000,1433000,166000,4222000
865,1,dt,5,5,500,41,0,1,0,2,2,5,5,2394000,1220000,167000,3781000
866,1,dt,5,5,500,2,2,0,0,1,-1,-1,-1,9963000,2817000,375000,13155000
867,1,dt,5,5,500,1,1,0,0,1,-1,-1,-1,7502000,2020000,272000,9794000
868,1,dt,5,5,500,5,0,1,0,1,1,5,5,2345000,1092000,167000,3604000
869,1,dt,5,5,500,28,28,0,0,2,-1,-1,-1,7645000,1958000,286000,9889000
870,1,dt,5,5,500,1,1,0,0,1,2,5,5,4535000,1731000,247000,6513000
871,1,dt,5,5,500,5,2,0.8,0.2,1,1,5,5,2538000,1063000,163000,3764000
872,1,dt,5,5,500,32,0,1,0,1,1,5,5,2383000,1598000,212000,4193000
873,1,dt,5,5,500,3,1,0.666667,0,1,1,5,5,2462000,943000,167000,3572000
874,1,dt,5,5,500,1,1,0,0,1,-1,-1,-1,10518000,2855000,403000,13776000
875,1,dt,5,5,500,11,0,1,0,2,2,5,5,2464000,1141000,151000,3756000
876,1,dt,5,5,500,2,2,0,0,1,-1,-1,-1,4939000,1272000,236000,6447000
877,1,dt,5,5,500,1,1,0,0,1,4,5,5,7495000,2602000,421000,10518000
878,1,dt,5,5,500,1,2,0,1,1,2,5,5,5083000,1887000,253000,7223000
879,1,dt,5,5,500,11,0,1,0,2,2,5,5,2254000,1223000,199000,3676000
880,1,dt,5,5,1000,4,4,0,0,2,-1,-1,-1,13837000,3555000,354000,17746000
881,1,dt,5,5,1000,1,1,0,0,1,4,5,5,9688000,14734000,338000,24760000
882,1,dt,5,5,1000,11,11,0,0,2,-1,-1,-1,13869000,15327000,335000,29531000
883,1,dt,5,5,1000,3,3,0,0,1,-1,-1,-1,14800000,17853000,291000,32944000
884,1,dt,5,5,1000,5,5,0,0,1,-1,-1,-1,19379000,15938000,375000,35692000
885,1,dt,5,5,1000,25,4,0.84,0,2,2,5,5,4394000,2193000,256000,6843000
886,1,dt,5,5,1000,1,1,0,0,1,-1,-1,-1,25935000,9435000,551000,35921000
887,1,dt,5,5,1000,62,0,1,0,2,2,5,5,4778000,2233000,227000,7238000
888,1,dt,5,5,1000,18,0,1,0,1,1,5,5,4288000,1989000,181000,6458000
889,1,dt,5,5,1000,1,1,0,0,1,-1,-1,-1,26429000,3033000,296000,29758000
890,1,dt,5,5,1000,1,1,0,0,2,3,5,5,4836000,1930000,152000,6918000
891,1,dt,5,5,1000,1,1,0,0,1,3,5,5,14225000,4195000,378000,18798000
892,1,dt,5,5,1000,37,0,1,0,2,2,5,5,4545000,2016000,155000,6716000
893,1,dt,5,5,1000,3,3,0,0,1,-1,-1,-1,19135000,18778000,354000,38267000
894,1,dt,5,5,1000,1,1,0,0,1,-1,-1,-1,17756000,11501000,399000,29656000
895,1,dt,5,5,1000,1,1,0,0,2,-1,-1,-1,14472000,4599000,284000,19355000
896,1,dt,5,5,1000,6,1,1,0.166667,1,1,5,5,4640000,2010000,189000,6839000
897,1,dt,5,5,1000,1,1,0,0,2,-1,-1,-1,13836000,3329000,286000,17451000
898,1,dt,5,5,1000,82,82,0,0,1,-1,-1,-1,205349000,4414000,380000,210143000
899,1,dt,5,5,1000,5,2,1,0.4,2,2,5,5,4649000,2067000,296000,7012000
900,1,dt,5,5,5000,285,285,0,0,1,-1,-1,-1,67711000,11401000,289000,79401000
901,1,dt,5,5,5000,1,1,0,0,1,2,5,5,44117000,12175000,266000,56558000
902,1,dt,5,5,5000,1,1,0,0,2,3,5,5,46452000,15975000,295000,62722000
903,1,dt,5,5,5000,2,2,0,0,2,-1,-1,-1,44454000,7850000,201000,52505000
904,1,dt,5,5,5000,80,0,1,0,2,2,5,5,20444000,9352000,241000,30037000
905,1,dt,5,5,5000,54,54,0,0,2,-1,-1,-1,22196000,3798000,130000,26124000
906,1,dt,5,5,5000,1,1,0,0,1,-1,-1,-1,68128000,10758000,323000,79209000
907,1,dt,5,5,5000,1,1,0,0,1,-1,-1,-1,68867000,11483000,316000,80666000
908,1,dt,5,5,5000,107,0,1,0,2,2,5,5,21743000,8969000,172000,30884000
909,1,dt,5,5,5000,71,75,0,0.056338,2,2,5,5,21730000,8749000,886000,31365000
910,1,dt,5,5,5000,24,24,0,0,1,-1,-1,-1,45805000,7100000,214000,53119000
911,1,dt,5,5,5000,1,1,0,0,1,-1,-1,-1,65651000,10551000,290000,76492000
912,1,dt,5,5,5000,1,1,0,0,2,-1,-1,-1,67415000,10968000,319000,78702000
913,1,dt,5,5,5000,3,0,1,0,2,2,5,5,19686000,8845000,187000,28718000
914,1,dt,5,5,5000,38,0,1,0,2,2,5,5,21342000,8194000,174000,29710000
915,1,dt,5,5,5000,15,15,0,0,2,-1,-1,-1,65703000,10668000,277000,76648000
916,1,dt,5,5,5000,39,0,1,0,1,1,5,5,21202000,8676000,185000,30063000
917,1,dt,5,5,5000,138,0,1,0,2,2,5,5,20194000,8369000,188000,28751000
918,1,dt,5,5,5000,1,1,0,0,1,4,5,5,66208000,15436000,406000,82050000
919,1,dt,5,5,5000,1,1,0,0,2,-1,-1,-1,66699000,10712000,304000,77715000
920,1,dt,5,5,10000,2,2,0,0,1,-1,-1,-1,91364000,14848000,204000,106416000
921,1,dt,5,5,10000,16,16,0,0,1,-1,-1,-1,270840000,28788000,454000,300082000
922,1,dt,5,5,10000,1,1,0,0,2,-1,-1,-1,269051000,14424000,234000,283709000
923,1,dt,5,5,10000,9,1,1,0.111111,1,1,5,5,45491000,17561000,169000,63221000
924,1,dt,5,5,10000,91,36,0.604396,0,2,2,5,5,42776000,33155000,318000,76249000
925,1,dt,5,5,10000,200,0,1,0,2,2,5,5,41802000,19881000,189000,61872000
926,1,dt,5,5,10000,89,0,1,0,2,2,5,5,42161000,19762000,169000,62092000
927,1,dt,5,5,10000,3,3,0,0,2,4,5,5,88400000,27485000,334000,116219000
928,1,dt,5,5,10000,206,0,1,0,1,1,5,5,42388000,19185000,196000,61769000
929,1,dt,5,5,10000,1,1,0,0,1,-1,-1,-1,133437000,22338000,312000,156087000
930,1,dt,5,5,10000,1,1,0,0,1,4,5,5,132007000,32805000,369000,165181000
931,1,dt,5,5,10000,2,2,0,0,1,2,5,5,87266000,200903000,261000,288430000
932,1,dt,5,5,10000,1,1,0,0,2,-1,-1,-1,88610000,14334000,221000,103165000
933,1,dt,5,5,10000,2,2,0,0,1,-1,-1,-1,332484000,29090000,424000,361998000
934,1,dt,5,5,10000,501,0,1,0,2,2,5,5,42398000,18008000,158000,60564000
935,1,dt,5,5,10000,1,1,0,0,2,-1,-1,-1,133020000,22487000,331000,155838000
936,1,dt,5,5,10000,1,1,0,0,1,-1,-1,-1,179073000,30913000,486000,210472000
937,1,dt,5,5,10000,2,2,0,0,1,-1,-1,-1,135687000,22738000,326000,158751000
938,1,dt,5,5,10000,1,1,0,0,2,-1,-1,-1,133356000,22069000,288000,155713000
939,1,dt,5,5,10000,2,2,0,0,1,3,5,5,131271000,32504000,351000,164126000
940,1,dt,5,20,100,1,1,0,0,13,-1,-1,-1,5069000,730000,402000,6201000
941,1,dt,5,20,100,2,2,0,0,12,-1,-1,-1,5581000,921000,514000,7016000
942,1,dt,5,20,100,6,0,1,0,9,9,5,5,923000,289000,155000,1367000
943,1,dt,5,20,100,2,0,1,0,6,6,5,5,883000,260000,142000,1285000
944,1,dt,5,20,100,1,1,0,0,9,-1,-1,-1,6304000,1080000,509000,7893000
945,1,dt,5,20,100,1,1,0,0,12,-1,-1,-1,5490000,860000,437000,6787000
946,1,dt,5,20,100,1,1,0,0,11,19,5,5,6211000,1111000,590000,7912000
947,1,dt,5,20,100,2,0,1,0,7,7,5,5,859000,335000,175000,1369000
948,1,dt,5,20,100,1,1,0,0,13,-1,-1,-1,3966000,744000,394000,5104000
949,1,dt,5,20,100,2,2,0,0,13,-1,-1,-1,4798000,736000,402000,5936000
950,1,dt,5,20,100,7,7,0,0,9,-1,-1,-1,6668000,1103000,582000,8353000
951,1,dt,5,20,100,2,2,0,0,12,-1,-1,-1,4683000,759000,387000,5829000
952,1,dt,5,20,100,2,2,0,0,8,-1,-1,-1,8574000,1478000,803000,10855000
953,1,dt,5,20,100,1,1,0,0,6,7,5,5,1562000,369000,208000,2139000
954,1,dt,5,20,100,4,0,1,0,11,11,5,5,1113000,253000,147000,1513000
955,1,dt,5,20,100,4,4,0,0,8,-1,-1,-1,6762000,1207000,631000,8600000
956,1,dt,5,20,100,4,1,0.75,0,11,11,5,5,940000,302000,148000,1390000
957,1,dt,5,20,100,9,0,1,0,12,12,5,5,713000,338000,160000,1211000
958,1,dt,5,20,100,7,1,0.857143,0,6,6,5,5,1021000,276000,143000,1440000
959,1,dt,5,20,100,11,1,0.909091,0,6,6,5,5,931000,327000,141000,1399000
960,1,dt,5,20,500,5,0,1,0,6,6,5,5,2548000,865000,154000,3567000
961,1,dt,5,20,500,28,0,1,0,13,13,5,5,2827000,888000,153000,3868000
962,1,dt,5,20,500,13,0,1,0,7,7,5,5,2492000,926000,164000,3582000
963,1,dt,5,20,500,3,3,0,0,11,-1,-1,-1,19850000,3247000,621000,23718000
964,1,dt,5,20,500,2,3,0,0.5,9,19,5,5,20111000,4375000,873000,25359000
965,1,dt,5,20,500,15,15,0,0,6,15,5,5,19917000,3848000,720000,24485000
966,1,dt,5,20,500,10,11,0,0.1,6,8,5,5,7428000,1781000,331000,9540000
967,1,dt,5,20,500,2,2,0,0,10,15,5,5,15507000,3139000,537000,19183000
968,1,dt,5,20,500,73,0,1,0,11,11,5,5,2636000,977000,190000,3803000
969,1,dt,5,20,500,10,0,1,0,13,13,5,5,2616000,956000,212000,3784000
970,1,dt,5,20,500,13,1,1,0.0769231,13,13,5,5,2515000,961000,176000,3652000
971,1,dt,5,20,500,4,0,1,0,10,10,5,5,2715000,922000,189000,3826000
972,1,dt,5,20,500,21,0,1,0,13,13,5,5,2408000,1088000,163000,3659000
973,1,dt,5,20,500,1,1,0,0,6,-1,-1,-1,25072000,4265000,875000,30212000
974,1,dt,5,20,500,1,1,0,0,13,-1,-1,-1,15231000,2484000,482000,18197000
975,1,dt,5,20,500,35,35,0,0,10,15,5,5,12665000,2885000,524000,16074000
976,1,dt,5,20,500,2,2,0,0,12,-1,-1,-1,19928000,3301000,629000,23858000
977,1,dt,5,20,500,15,15,0,0,13,14,5,5,4551000,1319000,304000,6174000
978,1,dt,5,20,500,1,1,0,0,13,-1,-1,-1,261381000,2601000,526000,264508000
979,1,dt,5,20,500,2,2,0,0,6,17,5,5,24718000,4551000,894000,30163000
980,1,dt,5,20,1000,12,1,0.916667,0,6,6,5,5,4433000,1751000,157000,6341000
981,1,dt,5,20,1000,7,7,0,0,12,-1,-1,-1,23000000,3972000,470000,27442000
982,1,dt,5,20,1000,1,1,0,0,13,15,5,5,9339000,2510000,260000,12109000
983,1,dt,5,20,1000,59,0,1,0,8,8,5,5,4504000,1746000,156000,6406000
984,1,dt,5,20,1000,1,1,0,0,13,19,5,5,23554000,4775000,570000,28899000
985,1,dt,5,20,1000,1,3,0,2,11,18,5,5,27333000,5885000,760000,33978000
986,1,dt,5,20,1000,1,1,0,0,9,10,5,5,4480000,1999000,223000,6702000
987,1,dt,5,20,1000,67,67,0,0,9,12,5,5,18384000,4049000,428000,22861000
988,1,dt,5,20,1000,1,1,0,0,6,12,5,5,27237000,5757000,688000,33682000
989,1,dt,5,20,1000,11,11,0,0,11,-1,-1,-1,42847000,6904000,814000,50565000
990,1,dt,5,20,1000,7,7,0,0,6,11,5,5,20652000,4096000,453000,25201000
991,1,dt,5,20,1000,40,1,1,0.025,8,8,5,5,4267000,1653000,146000,6066000
992,1,dt,5,20,1000,40,0,1,0,12,12,5,5,4597000,1774000,145000,6516000
993,1,dt,5,20,1000,1,2,0,1,11,19,5,5,32621000,6530000,800000,39951000
994,1,dt,5,20,1000,25,0,1,0,12,12,5,5,4702000,1718000,142000,6562000
995,1,dt,5,20,1000,51,8,1,0.156863,6,6,5,5,4612000,2104000,176000,6892000
996,1,dt,5,20,1000,1,1,0,0,9,12,5,5,13602000,3446000,400000,17448000
997,1,dt,5,20,1000,44,1,1,0.0227273,11,11,5,5,4506000,1804000,167000,6477000
998,1,dt,5,20,1000,1,1,0,0,13,-1,-1,-1,33524000,5210000,620000,39354000
999,1,dt,5,20,1000,1,1,0,0,13,18,5,5,23422000,4991000,545000,28958000
1000,1,dt,5,20,5000,1,1,0,0,9,16,5,5,157599000,33117000,732000,191448000
1001,1,dt,5,20,5000,1,1,0,0,11,-1,-1,-1,152249000,26828000,703000,179780000
1002,1,dt,5,20,5000,83,84,0,0.0120482,6,11,5,5,297808000,24230000,553000,322591000
1003,1,dt,5,20,5000,1,2,0,1,9,11,5,5,66997000,16082000,370000,83449000
1004,1,dt,5,20,5000,505,505,0,0,7,9,5,5,66274000,16473000,404000,83151000
1005,1,dt,5,20,5000,13,13,0,0,8,10,5,5,65624000,19338000,514000,85476000
1006,1,dt,5,20,5000,1,1,0,0,7,-1,-1,-1,496336000,44876000,1208000,542420000
1007,1,dt,5,20,5000,255,4,0.984314,0,9,9,5,5,19880000,9628000,234000,29742000
1008,1,dt,5,20,5000,264,0,1,0,6,6,5,5,21346000,8675000,229000,30250000
1009,1,dt,5,20,5000,3,3,0,0,6,13,5,5,428638000,41316000,1043000,470997000
1010,1,dt,5,20,5000,5,5,0,0,7,16,5,5,222736000,43036000,1077000,266849000
1011,1,dt,5,20,5000,81,81,0,0,12,-1,-1,-1,179381000,29084000,746000,209211000
1012,1,dt,5,20,5000,83,0,1,0,13,13,5,5,21737000,9111000,168000,31016000
1013,1,dt,5,20,5000,1,1,0,0,11,-1,-1,-1,158051000,25140000,676000,183867000
1014,1,dt,5,20,5000,38,0,1,0,7,7,5,5,21083000,8352000,172000,29607000
1015,1,dt,5,20,5000,37,38,0,0.027027,8,11,5,5,88344000,19390000,461000,108195000
1016,1,dt,5,20,5000,1,1,0,0,7,-1,-1,-1,458812000,42882000,1149000,502843000
1017,1,dt,5,20,5000,1,1,0,0,6,19,5,5,391411000,42428000,1070000,434909000
1018,1,dt,5,20,5000,1,1,0,0,9,14,5,5,135087000,26928000,670000,162685000
1019,1,dt,5,20,5000,1,2,0,1,11,16,5,5,134655000,27841000,696000,163192000
1020,1,dt,5,20,10000,559,0,1,0,10,10,5,5,49369000,22058000,188000,71615000
1021,1,dt,5,20,10000,1,5,0,4,9,12,5,5,86477000,39159000,318000,125954000
1022,1,dt,5,20,10000,1,1,0,0,7,9,5,5,92718000,27425000,257000,120400000
1023,1,dt,5,20,10000,2,2,0,0,7,8,5,5,77542000,39227000,226000,116995000
1024,1,dt,5,20,10000,1,1,0,0,9,14,5,5,434360000,158261000,620000,593241000
1025,1,dt,5,20,10000,1,2,0,1,7,9,5,5,88638000,27084000,267000,115989000
1026,1,dt,5,20,10000,1,1,0,0,8,-1,-1,-1,708241000,82761000,1121000,792123000
1027,1,dt,5,20,10000,1,1,0,0,12,13,5,5,41446000,19028000,184000,60658000
1028,1,dt,5,20,10000,1,9,0,8,10,14,5,5,179463000,41239000,526000,221228000
1029,1,dt,5,20,10000,627,0,1,0,11,11,5,5,293617000,19850000,173000,313640000
1030,1,dt,5,20,10000,180,3,0.983333,0,9,9,5,5,172976000,19720000,222000,192918000
1031,1,dt,5,20,10000,8,8,0,0,9,14,5,5,405974000,49940000,696000,456610000
1032,1,dt,5,20,10000,75,0,1,0,11,11,5,5,42014000,19130000,171000,61315000
1033,1,dt,5,20,10000,135,0,1,0,9,9,5,5,43003000,18179000,163000,61345000
1034,1,dt,5,20,10000,52,0,1,0,11,11,5,5,42444000,19525000,167000,62136000
1035,1,dt,5,20,10000,36,36,0,0,11,14,5,5,128335000,32778000,412000,161525000
1036,1,dt,5,20,10000,1,1,0,0,6,8,5,5,87586000,28925000,332000,116843000
1037,1,dt,5,20,10000,8,29,1,3.625,12,12,5,5,99936000,21827000,270000,122033000
1038,1,dt,5,20,10000,381,0,1,0,12,12,5,5,41976000,18598000,147000,60721000
1039,1,dt,5,20,10000,1,1,0,0,13,-1,-1,-1,173214000,802315000,445000,975974000
1040,1,dt,2,5,1000,8,0,1,0,1,1,2,2,2937000,924000,179000,4040000
1041,1,dt,2,5,1000,4,0,1,0,2,2,2,2,1876000,863000,134000,2873000
1042,1,dt,2,5,1000,150,0,1,0,1,1,2,2,2287000,630000,124000,3041000
1043,1,dt,2,5,1000,12,0,1,0,2,2,2,2,2196000,842000,137000,3175000
1044,1,dt,2,5,1000,150,0,1,0,1,1,2,2,2000000,1016000,160000,3176000
1045,1,dt,2,5,1000,92,0,1,0,1,1,2,2,1771000,1021000,137000,2929000
1046,1,dt,2,5,1000,388,388,0,0,2,3,2,2,17714000,1443000,258000,19415000
1047,1,dt,2,5,1000,48,0,1,0,2,2,2,2,6893000,948000,169000,8010000
1048,1,dt,2,5,1000,43,0,1,0,2,2,2,2,1974000,1000000,160000,3134000
1049,1,dt,2,5,1000,42,0,1,0,2,2,2,2,1951000,877000,136000,2964000
1050,1,dt,2,5,1000,102,0,1,0,1,1,2,2,1975000,1011000,126000,3112000
1051,1,dt,2,5,1000,36,0,1,0,2,2,2,2,1977000,614000,127000,2718000
1052,1,dt,2,5,1000,2,2,0,0,2,4,2,2,6589000,1715000,321000,8625000
1053,1,dt,2,5,1000,84,0,1,0,2,2,2,2,2227000,831000,154000,3212000
1054,1,dt,2,5,1000,76,0,1,0,1,1,2,2,1989000,1072000,131000,3192000
1055,1,dt,2,5,1000,6,6,0,0,1,3,2,2,6760000,1265000,239000,8264000
1056,1,dt,2,5,1000,7,0,1,0,1,1,2,2,2393000,850000,182000,3425000
1057,1,dt,2,5,1000,85,0,1,0,1,1,2,2,2131000,1003000,138000,3272000
1058,1,dt,2,5,1000,195,0,1,0,1,1,2,2,2177000,709000,135000,3021000
1059,1,dt,2,5,1000,2,2,0,0,2,3,2,2,2350000,762000,148000,3260000
1060,1,dt,3,5,1000,69,0,1,0,1,1,3,3,2990000,1521000,154000,4665000
1061,1,dt,3,5,1000,22,22,0,0,2,-1,-1,-1,8550000,1699000,256000,10505000
1062,1,dt,3,5,1000,9,9,0,0,2,4,3,3,7616000,2114000,329000,10059000
1063,1,dt,3,5,1000,75,0,1,0,2,2,3,3,3321000,1172000,210000,4703000
1064,1,dt,3,5,1000,142,0,1,0,1,1,3,3,2827000,924000,312000,4063000
1065,1,dt,3,5,1000,50,0,1,0,1,1,3,3,2477000,1143000,151000,3771000
1066,1,dt,3,5,1000,72,0,1,0,2,2,3,3,3028000,1110000,151000,4289000
1067,1,dt,3,5,1000,1,1,0,0,1,4,3,3,2905000,1368000,172000,4445000
1068,1,dt,3,5,1000,44,0,1,0,1,1,3,3,3030000,1013000,149000,4192000
1069,1,dt,3,5,1000,35,0,1,0,1,1,3,3,2705000,1376000,153000,4234000
1070,1,dt,3,5,1000,10,0,1,0,2,2,3,3,2809000,1301000,141000,4251000
1071,1,dt,3,5,1000,3,3,0,0,2,4,3,3,5195000,2034000,296000,7525000
1072,1,dt,3,5,1000,31,0,1,0,1,1,3,3,2748000,1145000,182000,4075000
1073,1,dt,3,5,1000,1,1,0,0,1,4,3,3,5988000,1809000,309000,8106000
1074,1,dt,3,5,1000,104,0,1,0,1,1,3,3,3063000,1229000,152000,4444000
1075,1,dt,3,5,1000,23,0,1,0,2,2,3,3,2744000,1128000,154000,4026000
1076,1,dt,3,5,1000,190,0,1,0,2,2,3,3,2577000,1463000,197000,4237000
1077,1,dt,3,5,1000,3,1,1,0.333333,1,1,3,3,3298000,1240000,159000,4697000
1078,1,dt,3,5,1000,38,0,1,0,1,1,3,3,2720000,1103000,150000,3973000
1079,1,dt,3,5,1000,3,1,0.666667,0,1,1,3,3,2859000,1438000,151000,4448000
1080,1,dt,4,5,1000,41,0,1,0,2,2,4,4,3683000,1570000,142000,5395000
1081,1,dt,4,5,1000,2,2,0,0,1,-1,-1,-1,10782000,1995000,284000,13061000
1082,1,dt,4,5,1000,1,1,0,0,2,-1,-1,-1,7789000,1383000,213000,9385000
1083,1,dt,4,5,1000,1,1,0,0,1,-1,-1,-1,11172000,2005000,324000,13501000
1084,1,dt,4,5,1000,47,0,1,0,2,2,4,4,3685000,1684000,148000,5517000
1085,1,dt,4,5,1000,34,0,1,0,1,1,4,4,3716000,1555000,151000,5422000
1086,1,dt,4,5,1000,427,0,1,0,2,2,4,4,3684000,2634000,191000,6509000
1087,1,dt,4,5,1000,876,0,1,0,1,1,4,4,3594000,1300000,152000,5046000
1088,1,dt,4,5,1000,3,3,0,0,1,3,4,4,11445000,2951000,317000,14713000
1089,1,dt,4,5,1000,23,1,1,0.0434783,1,1,4,4,3658000,1500000,150000,5308000
1090,1,dt,4,5,1000,1,1,0,0,2,3,4,4,3534000,1494000,160000,5188000
1091,1,dt,4,5,1000,55,0,1,0,2,2,4,4,3363000,1354000,145000,4862000
1092,1,dt,4,5,1000,189,0,1,0,2,2,4,4,3508000,1821000,164000,5493000
1093,1,dt,4,5,1000,2,2,0,0,2,3,4,4,3547000,1249000,239000,5035000
1094,1,dt,4,5,1000,118,0,1,0,1,1,4,4,3967000,2051000,224000,6242000
1095,1,dt,4,5,1000,177,0,1,0,1,1,4,4,3699000,1554000,138000,5391000
1096,1,dt,4,5,1000,3,3,0,0,2,4,4,4,10801000,2809000,348000,13958000
1097,1,dt,4,5,1000,5,0,1,0,1,1,4,4,3667000,1199000,141000,5007000
1098,1,dt,4,5,1000,2,2,0,0,1,-1,-1,-1,8370000,1318000,227000,9915000
1099,1,dt,4,5,1000,1,1,0,0,2,-1,-1,-1,11718000,2308000,277000,14303000
1100,1,dt,2,20,1000,9,9,0,0,12,13,2,2,4824000,1449000,243000,6516000
1101,1,dt,2,20,1000,1,1,0,0,10,19,2,2,16353000,3971000,779000,21103000
1102,1,dt,2,20,1000,1,1,0,0,6,10,2,2,8563000,3448000,561000,12572000
1103,1,dt,2,20,1000,65,0,1,0,13,13,2,2,2160000,1112000,132000,3404000
1104,1,dt,2,20,1000,20,0,1,0,13,13,2,2,2156000,886000,140000,3182000
1105,1,dt,2,20,1000,635,635,0,0,7,8,2,2,3982000,1394000,215000,5591000
1106,1,dt,2,20,1000,158,158,0,0,10,11,2,2,2288000,836000,164000,3288000
1107,1,dt,2,20,1000,177,0,1,0,12,12,2,2,2426000,954000,133000,3513000
1108,1,dt,2,20,1000,68,0,1,0,6,6,2,2,2033000,824000,134000,2991000
1109,1,dt,2,20,1000,91,0,1,0,6,6,2,2,2003000,921000,133000,3057000
1110,1,dt,2,20,1000,2,3,0,0.5,12,13,2,2,2310000,1056000,179000,3545000
1111,1,dt,2,20,1000,232,254,0,0.0948276,12,14,2,2,6263000,1952000,317000,8532000
1112,1,dt,2,20,1000,390,0,1,0,8,8,2,2,2289000,1120000,133000,3542000
1113,1,dt,2,20,1000,6,6,0,0,12,17,2,2,338361000,3417000,460000,342238000
1114,1,dt,2,20,1000,175,2,1,0.0114286,11,11,2,2,2176000,1086000,144000,3406000
1115,1,dt,2,20,1000,60,0,1,0,11,11,2,2,1967000,1006000,135000,3108000
1116,1,dt,2,20,1000,243,0,1,0,13,13,2,2,1977000,1076000,132000,3185000
1117,1,dt,2,20,1000,2,1,1,0.5,6,6,2,2,2503000,837000,151000,3491000
1118,1,dt,2,20,1000,60,0,1,0,6,6,2,2,2208000,823000,135000,3166000
1119,1,dt,2,20,1000,22,22,0,0,8,9,2,2,4055000,1357000,210000,5622000
1120,1,dt,3,20,1000,494,0,1,0,13,13,3,3,2957000,1025000,122000,4104000
1121,1,dt,3,20,1000,457,0,1,0,8,8,3,3,3095000,1159000,140000,4394000
1122,1,dt,3,20,1000,5,5,0,0,8,10,3,3,3313000,1005000,165000,4483000
1123,1,dt,3,20,1000,1,1,0,0,9,13,3,3,15024000,3524000,487000,19035000
1124,1,dt,3,20,1000,517,517,0,0,13,14,3,3,5395000,1412000,262000,7069000
1125,1,dt,3,20,1000,17,0,1,0,10,10,3,3,2893000,1361000,147000,4401000
1126,1,dt,3,20,1000,1,1,0,0,6,7,3,3,2882000,137924000,169000,140975000
1127,1,dt,3,20,1000,1,1,1,1,7,7,3,3,3220000,1040000,152000,4412000
1128,1,dt,3,20,1000,4,0,1,0,6,6,3,3,3286000,1206000,158000,4650000
1129,1,dt,3,20,1000,122,1,0.991803,0,12,12,3,3,2815000,1074000,174000,4063000
1130,1,dt,3,20,1000,1,1,0,0,11,15,3,3,9309000,2380000,347000,12036000
1131,1,dt,3,20,1000,42,42,0,0,11,13,3,3,6046000,1664000,249000,7959000
1132,1,dt,3,20,1000,22,1,1,0.0454545,11,11,3,3,3080000,1040000,123000,4243000
1133,1,dt,3,20,1000,3,0,1,0,9,9,3,3,3322000,1201000,164000,4687000
1134,1,dt,3,20,1000,1,1,0,0,12,16,3,3,11402000,2862000,407000,14671000
1135,1,dt,3,20,1000,1,1,0,0,12,-1,-1,-1,7430000,1220000,206000,8856000
1136,1,dt,3,20,1000,26,0,1,0,7,7,3,3,3009000,1201000,154000,4364000
1137,1,dt,3,20,1000,70,71,0,0.0142857,13,14,3,3,6517000,1860000,259000,8636000
1138,1,dt,3,20,1000,32,0,1,0,11,11,3,3,2776000,1020000,134000,3930000
1139,1,dt,3,20,1000,820,0,1,0,12,12,3,3,3034000,1036000,137000,4207000
1140,1,dt,4,20,1000,3,0,1,0,10,10,4,4,3914000,1374000,219000,5507000
1141,1,dt,4,20,1000,1,2,0,1,10,13,4,4,11148000,2805000,317000,14270000
1142,1,dt,4,20,1000,15,16,0,0.0666667,9,13,4,4,7419000,2404000,287000,10110000
1143,1,dt,4,20,1000,59,0,1,0,10,10,4,4,3253000,1732000,152000,5137000
1144,1,dt,4,20,1000,53,0,1,0,7,7,4,4,3454000,1596000,159000,5209000
1145,1,dt,4,20,1000,19,19,0,0,7,12,4,4,14986000,3207000,442000,18635000
1146,1,dt,4,20,1000,2,4,0,1,8,10,4,4,7703000,2271000,275000,10249000
1147,1,dt,4,20,1000,2,2,0,0,8,9,4,4,3619000,1437000,193000,5249000
1148,1,dt,4,20,1000,31,0,1,0,8,8,4,4,3517000,1220000,179000,4916000
1149,1,dt,4,20,1000,84,0,1,0,7,7,4,4,3758000,1497000,165000,5420000
1150,1,dt,4,20,1000,283,14,0.95053,0,9,9,4,4,3746000,1648000,164000,5558000
1151,1,dt,4,20,1000,1,1,0,0,8,-1,-1,-1,30036000,5384000,781000,36201000
1152,1,dt,4,20,1000,52,52,0,0,11,19,4,4,34612000,6984000,951000,42547000
1153,1,dt,4,20,1000,16,16,0,0,13,-1,-1,-1,23272000,3751000,581000,27604000
1154,1,dt,4,20,1000,31,0,1,0,13,13,4,4,3687000,1577000,155000,5419000
1155,1,dt,4,20,1000,22,1,0.954545,0,13,13,4,4,3645000,1275000,197000,5117000
1156,1,dt,4,20,1000,1,1,0,0,8,12,4,4,15412000,3498000,440000,19350000
1157,1,dt,4,20,1000,3,3,0,0,12,13,4,4,3922000,1905000,180000,6007000
1158,1,dt,4,20,1000,1,1,0,0,8,10,4,4,146468000,2080000,273000,148821000
1159,1,dt,4,20,1000,1,1,0,0,13,14,4,4,23994000,1916000,280000,26190000
1160,1,dt,1,1,1000,1,0,1,0,0,0,1,1,1714000,615000,143000,2472000
1161,1,dt,1,1,1000,1,0,1,0,0,0,1,1,1569000,591000,146000,2306000
1162,1,dt,1,1,1000,4,0,1,0,0,0,1,1,1762000,590000,148000,2500000
1163,1,dt,1,1,1000,3,0,1,0,0,0,1,1,1715000,597000,149000,2461000
1164,1,dt,1,1,1000,657,0,1,0,0,0,1,1,1458000,453000,121000,2032000
1165,1,dt,1,1,1000,340,0,1,0,0,0,1,1,1383000,423000,119000,1925000
1166,1,dt,1,1,1000,114,0,1,0,0,0,1,1,1367000,668000,125000,2160000
1167,1,dt,1,1,1000,457,0,1,0,0,0,1,1,1279000,451000,120000,1850000
1168,1,dt,1,1,1000,484,1000,0,1.06612,0,0,1,1,1420000,270000,82000,1772000
1169,1,dt,1,1,1000,44,0,1,0,0,0,1,1,1449000,684000,149000,2282000
1170,1,dt,1,1,1000,255,0,1,0,0,0,1,1,1645000,464000,119000,2228000
1171,1,dt,1,1,1000,340,0,1,0,0,0,1,1,1307000,420000,122000,1849000
1172,1,dt,1,1,1000,387,1000,0,1.58398,0,0,1,1,1364000,322000,85000,1771000
1173,1,dt,1,1,1000,444,0,1,0,0,0,1,1,1340000,625000,120000,2085000
1174,1,dt,1,1,1000,4,0,1,0,0,0,1,1,1587000,592000,149000,2328000
1175,1,dt,1,1,1000,5,0,1,0,0,0,1,1,1391000,617000,120000,2128000
1176,1,dt,1,1,1000,383,0,1,0,0,0,1,1,1335000,486000,187000,2008000
1177,1,dt,1,1,1000,1,1,0,0,0,-1,-1,-1,16000,13000,9000,38000
1178,1,dt,1,1,1000,325,0,1,0,0,0,1,1,1472000,475000,139000,2086000
1179,1,dt,1,1,1000,56,0,1,0,0,0,1,1,1481000,614000,123000,2218000
1180,1,dt,1,10,1000,839,0,1,0,4,4,1,1,1332000,438000,120000,1890000
1181,1,dt,1,10,1000,103,0,1,0,5,5,1,1,1339000,648000,118000,2105000
1182,1,dt,1,10,1000,468,0,1,0,6,6,1,1,1487000,457000,116000,2060000
1183,1,dt,1,10,1000,667,0,1,0,5,5,1,1,1575000,436000,118000,2129000
1184,1,dt,1,10,1000,8,0,1,0,4,4,1,1,1696000,592000,144000,2432000
1185,1,dt,1,10,1000,23,0,1,0,6,6,1,1,1251000,694000,142000,2087000
1186,1,dt,1,10,1000,137,0,1,0,4,4,1,1,1407000,421000,121000,1949000
1187,1,dt,1,10,1000,196,0,1,0,3,3,1,1,1463000,433000,118000,2014000
1188,1,dt,1,10,1000,675,998,0,0.478519,3,3,1,1,1491000,403000,84000,1978000
1189,1,dt,1,10,1000,329,0,1,0,4,4,1,1,1353000,420000,143000,1916000
1190,1,dt,1,10,1000,1,0,1,0,4,4,1,1,1662000,613000,149000,2424000
1191,1,dt,1,10,1000,257,0,1,0,5,5,1,1,1524000,491000,121000,2136000
1192,1,dt,1,10,1000,154,0,1,0,3,3,1,1,12111000,411000,116000,12638000
1193,1,dt,1,10,1000,214,0,1,0,6,6,1,1,1143000,443000,119000,1705000
1194,1,dt,1,10,1000,6,6,0,0,3,6,1,1,3911000,1475000,335000,5721000
1195,1,dt,1,10,1000,60,0,1,0,3,3,1,1,1532000,465000,120000,2117000
1196,1,dt,1,10,1000,142,0,1,0,4,4,1,1,1328000,713000,122000,2163000
1197,1,dt,1,10,1000,141,0,1,0,5,5,1,1,1301000,426000,144000,1871000
1198,1,dt,1,10,1000,1,0,1,0,4,4,1,1,1485000,587000,145000,2217000
1199,1,dt,1,10,1000,127,0,1,0,3,3,1,1,1372000,519000,181000,2072000
1200,1,dt,1,15,1000,32,0,1,0,8,8,1,1,1388000,459000,121000,1968000
1201,1,dt,1,15,1000,1,0,1,0,6,6,1,1,1685000,639000,146000,2470000
1202,1,dt,1,15,1000,271,0,1,0,4,4,1,1,1427000,520000,125000,2072000
1203,1,dt,1,15,1000,499,1000,0,1.00401,7,7,1,1,33441000,372000,87000,33900000
1204,1,dt,1,15,1000,60,0,1,0,9,9,1,1,1374000,605000,118000,2097000
1205,1,dt,1,15,1000,829,0,1,0,9,9,1,1,1535000,456000,142000,2133000
1206,1,dt,1,15,1000,2,0,1,0,8,8,1,1,1808000,638000,145000,2591000
1207,1,dt,1,15,1000,288,0,1,0,8,8,1,1,1663000,655000,197000,2515000
1208,1,dt,1,15,1000,36,0,1,0,5,5,1,1,1352000,616000,161000,2129000
1209,1,dt,1,15,1000,670,0,1,0,8,8,1,1,1350000,430000,191000,1971000
1210,1,dt,1,15,1000,171,0,1,0,4,4,1,1,1335000,620000,135000,2090000
1211,1,dt,1,15,1000,88,0,1,0,9,9,1,1,1276000,445000,126000,1847000
1212,1,dt,1,15,1000,886,39,0.955982,0,8,8,1,1,1358000,442000,187000,1987000
1213,1,dt,1,15,1000,13,0,1,0,4,4,1,1,1457000,546000,177000,2180000
1214,1,dt,1,15,1000,165,1000,0,5.06061,8,8,1,1,1383000,271000,90000,1744000
1215,1,dt,1,15,1000,213,0,1,0,5,5,1,1,1221000,451000,116000,1788000
1216,1,dt,1,15,1000,2,0,1,0,9,9,1,1,1736000,595000,140000,2471000
1217,1,dt,1,15,1000,102,0,1,0,6,6,1,1,1399000,669000,122000,2190000
1218,1,dt,1,15,1000,3,3,0,0,4,5,1,1,1438000,650000,183000,2271000
1219,1,dt,1,15,1000,171,0,1,0,6,6,1,1,1251000,443000,115000,1809000
1220,1,dt,5,1,1000,1,1,0,0,0,-1,-1,-1,4685000,760000,86000,5531000
1221,1,dt,5,1,1000,6,6,0,0,0,-1,-1,-1,4380000,769000,87000,5236000
1222,1,dt,5,1,1000,20,20,0,0,0,-1,-1,-1,4451000,731000,87000,5269000
1223,1,dt,5,1,1000,49,0,1,0,0,0,5,5,4454000,1617000,152000,6223000
1224,1,dt,5,1,1000,3,3,0,0,0,-1,-1,-1,4618000,715000,87000,5420000
1225,1,dt,5,1,1000,53,0,1,0,0,0,5,5,4370000,1668000,140000,6178000
1226,1,dt,5,1,1000,2,2,0,0,0,-1,-1,-1,15000,15000,9000,39000
1227,1,dt,5,1,1000,1,1,0,0,0,-1,-1,-1,13000,13000,9000,35000
1228,1,dt,5,1,1000,2,2,0,0,0,-1,-1,-1,14000,13000,9000,36000
1229,1,dt,5,1,1000,43,0,1,0,0,0,5,5,4424000,1664000,150000,6238000
1230,1,dt,5,1,1000,13,0,1,0,0,0,5,5,4240000,1665000,150000,6055000
1231,1,dt,5,1,1000,44,0,1,0,0,0,5,5,4460000,1595000,173000,6228000
1232,1,dt,5,1,1000,1,1,0,0,0,-1,-1,-1,13000,13000,9000,35000
1233,1,dt,5,1,1000,28,0,1,0,0,0,5,5,4328000,1874000,170000,6372000
1234,1,dt,5,1,1000,84,1,0.988095,0,0,0,5,5,4458000,1630000,140000,6228000
1235,1,dt,5,1,1000,68,43,0.794118,0.426471,0,0,5,5,4523000,1839000,205000,6567000
1236,1,dt,5,1,1000,1,1,0,0,0,-1,-1,-1,14000,14000,9000,37000
1237,1,dt,5,1,1000,1,1,0,0,0,-1,-1,-1,4707000,712000,86000,5505000
1238,1,dt,5,1,1000,1,1,0,0,0,-1,-1,-1,4579000,746000,89000,5414000
1239,1,dt,5,1,1000,1,1,0,0,0,-1,-1,-1,4719000,754000,85000,5558000
1240,1,dt,5,10,1000,1,1,0,0,3,-1,-1,-1,27415000,4670000,562000,32647000
1241,1,dt,5,10,1000,1,1,0,0,4,8,5,5,19098000,4065000,438000,23601000
1242,1,dt,5,10,1000,3,3,0,0,5,-1,-1,-1,23998000,3832000,446000,28276000
1243,1,dt,5,10,1000,1,1,0,0,5,-1,-1,-1,14071000,2396000,285000,16752000
1244,1,dt,5,10,1000,1,1,0,0,4,-1,-1,-1,22171000,4043000,467000,26681000
1245,1,dt,5,10,1000,6,6,0,0,4,-1,-1,-1,151851000,4607000,564000,157022000
1246,1,dt,5,10,1000,11,11,0,0,4,9,5,5,23575000,4553000,517000,28645000
1247,1,dt,5,10,1000,1,1,0,0,3,-1,-1,-1,28087000,4668000,606000,33361000
1248,1,dt,5,10,1000,1,1,0,0,5,-1,-1,-1,24252000,3834000,464000,28550000
1249,1,dt,5,10,1000,59,2,0.966102,0,4,4,5,5,4328000,1876000,183000,6387000
1250,1,dt,5,10,1000,3,3,0,0,5,-1,-1,-1,18834000,2995000,358000,22187000
1251,1,dt,5,10,1000,1,1,0,0,3,9,5,5,18871000,4338000,506000,23715000
1252,1,dt,5,10,1000,9,0,1,0,6,6,5,5,4633000,2123000,204000,6960000
1253,1,dt,5,10,1000,6,6,0,0,6,-1,-1,-1,14278000,2238000,266000,16782000
1254,1,dt,5,10,1000,1,5,0,4,4,8,5,5,18558000,4382000,483000,23423000
1255,1,dt,5,10,1000,1,1,0,0,5,7,5,5,14032000,3178000,394000,17604000
1256,1,dt,5,10,1000,10,0,1,0,5,5,5,5,4326000,1722000,161000,6209000
1257,1,dt,5,10,1000,1,4,0,3,4,8,5,5,23170000,4627000,511000,28308000
1258,1,dt,5,10,1000,2,2,0,0,6,-1,-1,-1,14176000,2420000,267000,16863000
1259,1,dt,5,10,1000,23,0,1,0,4,4,5,5,4562000,1923000,238000,6723000
1260,1,dt,5,15,1000,1,1,0,0,6,11,5,5,28328000,15238000,594000,44160000
1261,1,dt,5,15,1000,1,1,0,0,8,9,5,5,9664000,2912000,221000,12797000
1262,1,dt,5,15,1000,1,1,0,0,4,8,5,5,18862000,22012000,424000,41298000
1263,1,dt,5,15,1000,1,1,0,0,7,-1,-1,-1,29159000,21693000,506000,51358000
1264,1,dt,5,15,1000,1,1,0,0,9,10,5,5,9017000,15651000,233000,24901000
1265,1,dt,5,15,1000,13,1,1,0.0769231,7,7,5,5,4443000,2171000,166000,6780000
1266,1,dt,5,15,1000,7,7,0,0,4,-1,-1,-1,47205000,41927000,838000,89970000
1267,1,dt,5,15,1000,1,1,0,0,4,-1,-1,-1,28983000,29597000,590000,59170000
1268,1,dt,5,15,1000,1,1,0,0,7,13,5,5,23610000,31276000,582000,55468000
1269,1,dt,5,15,1000,1,1,0,0,4,-1,-1,-1,31741000,25090000,598000,57429000
1270,1,dt,5,15,1000,1,1,0,0,6,-1,-1,-1,55607000,46074000,709000,102390000
1271,1,dt,5,15,1000,24,24,0,0,9,-1,-1,-1,28426000,22514000,519000,51459000
1272,1,dt,5,15,1000,52,2,0.961538,0,7,7,5,5,4591000,2201000,159000,6951000
1273,1,dt,5,15,1000,64,0,1,0,7,7,5,5,4715000,2419000,153000,7287000
1274,1,dt,5,15,1000,16,1,1,0.0625,4,4,5,5,4539000,2210000,150000,6899000
1275,1,dt,5,15,1000,25,0,1,0,6,6,5,5,4382000,2340000,171000,6893000
1276,1,dt,5,15,1000,26,26,0,0,7,9,5,5,13585000,4014000,304000,17903000
1277,1,dt,5,15,1000,1,1,0,0,9,-1,-1,-1,19093000,23127000,340000,42560000
1278,1,dt,5,15,1000,4,4,0,0,9,-1,-1,-1,22863000,23898000,420000,47181000
1279,1,dt,5,15,1000,1,1,0,0,7,12,5,5,50228000,6111000,433000,56772000
